TAZ12,Lon,Lat,fueling,year
"109",-123.755197379477,41.1541477436378,157.32409150625,"2025"
"116",-124.056933434818,40.4424556590573,83.0162419242039,"2025"
"122",-120.592987698823,40.8639250224093,6.754585815,"2025"
"130",-120.50537088862,41.5761323329595,1.71417068375,"2025"
"156",-122.359142806701,40.9950928788783,500,"2025"
"157",-121.997793569239,40.8695228215215,7.30182204932728,"2025"
"158",-121.513203795865,40.6729642834579,29.2782601197898,"2025"
"161",-122.041755606452,41.7974598413151,69.4369198329087,"2025"
"162",-122.475503414042,41.8891099632226,18.7533313119636,"2025"
"163",-123.335680907067,41.7447460048882,40.8784140067796,"2025"
"164",-123.020229747748,41.4013733776321,500,"2025"
"166",-122.435598978743,41.4823758663718,403.538352057855,"2025"
"169",-121.813996666238,41.4130876781861,500,"2025"
"170",-122.778672438376,40.9218877079846,13.4527594042096,"2025"
"171",-123.26194366533,40.8849612994346,0.334158004188504,"2025"
"172",-123.242836035237,40.4876323079403,0.324153984642152,"2025"
"219",-121.332130179713,39.6408160566063,62.3368352711764,"2025"
"226",-121.777392301415,39.4185001197963,5.77730996014955,"2025"
"227",-122.01186113245,39.0017575662403,1.55037599616164,"2025"
"228",-122.357841300107,39.2190973272834,8.64967799575269,"2025"
"235",-122.046855323628,39.6714882878186,131.139667319337,"2025"
"242",-122.516642598164,38.8210081514369,3.15089401794511,"2025"
"244",-122.863790704433,39.2897206648043,13.8272360057603,"2025"
"246",-123.214005860486,39.7678225150764,1.50133202256744,"2025"
"247",-123.696780822889,39.7797722225828,1.49047399511341,"2025"
"248",-123.638358068746,39.4549754829463,0.855952002501073,"2025"
"251",-123.31842823481,39.358752302385,8.76423588722788,"2025"
"256",-123.528879752079,39.1619536853695,4.05235206867377,"2025"
"257",-123.511530514922,38.9071458741385,1.3637160141936,"2025"
"258",-123.198119488288,38.9628393576288,4.40761600328771,"2025"
"270",-121.169398640059,39.1003566471323,189.65590129727,"2025"
"273",-121.003790813055,39.8816399405759,16.011148762056,"2025"
"276",-121.235650122588,40.2722854949641,1.19681999883575,"2025"
"277",-120.516014343013,39.580688669977,500,"2025"
"278",-121.808539266908,40.1955332495693,17.4981474307285,"2025"
"280",-122.330292053655,40.2721818766048,11.0840659829202,"2025"
"308",-121.621730964904,38.8940215276172,235.276990071794,"2025"
"309",-121.800555761586,39.1532217658689,74.4496786456321,"2025"
"331",-122.137491984328,38.7861425665166,49.2302498866594,"2025"
"403",-120.976681168372,38.8534670700679,500,"2025"
"414",-120.324744326104,38.8305565323631,19.9937265723783,"2025"
"420",-120.733007600707,38.8929687729119,6.70548598976335,"2025"
"425",-120.526148108695,38.6028624578985,162.003560778367,"2025"
"434",-120.474697300892,39.2486513050169,661.307272267521,"2025"
"439",-121.23108578315,38.7830351865452,144.686903962699,"2025"
"506",-121.467335110454,38.5876624894595,1276.76761259652,"2025"
"715",-121.625620682018,38.1702973354452,363.627780195178,"2025"
"742",-121.278113561835,38.2908557249288,64.547394247734,"2025"
"803",-122.304669514121,38.626594073059,13.6616832390863,"2025"
"829",-121.800333120393,38.4226701653643,273.343691525185,"2025"
"858",-122.166125129309,38.2540563838418,500,"2025"
"877",-121.977703574752,38.1573677714284,260.567401948886,"2025"
"887",-123.218622980784,38.6322674554832,19.3438320334808,"2025"
"888",-122.822270828278,38.7299133905846,21.7867599819723,"2025"
"895",-122.960106445359,38.518595563279,3.25764399903916,"2025"
"906",-122.7834662554,38.1630636588719,85.8474064242033,"2025"
"935",-122.497077312202,37.9559523409793,62.1913829464354,"2025"
"983",-122.54672852134,38.2190105926224,68.082954200432,"2025"
"1210",-122.414118649336,37.5345521215456,148.966273131793,"2025"
"1283",-122.299910594892,37.2903668424745,264.980493932262,"2025"
"1314",-121.819115151108,37.8322896653234,25.903463775,"2025"
"1319",-122.153272293955,38.0162324480831,206.290929623849,"2025"
"1365",-121.632263702073,37.8819063487158,500,"2025"
"1480",-122.308439123972,37.8015331211233,235.250271678295,"2025"
"1672",-121.989909283744,37.6501706443344,448.865975054906,"2025"
"1796",-121.973765460631,37.4414115045493,198.774353175,"2025"
"1850",-121.89986419762,37.3462081373769,175.601798104391,"2025"
"1944",-121.515854373978,37.2357884174404,129.947811896665,"2025"
"2003",-121.182289943771,37.9347984749818,61.8560905710328,"2025"
"2114",-121.453225587472,37.6113436116689,381.636209631494,"2025"
"2119",-121.077666676359,38.1160988621884,320.691727513475,"2025"
"2127",-121.114934764578,37.7551238096651,83.9807742961604,"2025"
"2133",-121.458026689971,37.921840478373,4611.08485354349,"2025"
"2208",-121.311387632705,37.4888211038607,381.266336134725,"2025"
"2215",-120.88971210717,37.5082736556468,500,"2025"
"2224",-120.609430876517,37.6492521727898,500,"2025"
"2310",-120.645877326591,37.1783649815002,77.92681434375,"2025"
"2311",-120.903713397097,37.205457186913,500,"2025"
"2323",-120.805122052661,37.3389480741047,13.468189994399,"2025"
"2324",-120.483074345704,37.4928411171191,500,"2025"
"2478",-119.782721748134,36.737094780275,342.764770050393,"2025"
"2507",-119.022964865082,37.1720303365142,24.7703921397971,"2025"
"2509",-118.869473985197,36.8217556084848,80.9385820989247,"2025"
"2518",-119.682397429884,36.4759448890163,54.6672240467407,"2025"
"2522",-120.137297453858,36.6326706605326,10.2348240467426,"2025"
"2525",-120.385925960671,36.5510125078256,500,"2025"
"2529",-120.636340775124,36.7886757915198,381.401575900506,"2025"
"2530",-120.103126519148,36.1678862984166,6.89690391701118,"2025"
"2532",-120.159781329275,36.3251277422132,52.2935588339954,"2025"
"2551",-120.252754820434,37.0149914965006,0.755789991854914,"2025"
"2566",-119.884722021432,37.1674242425393,219.493044912497,"2025"
"2713",-118.499387088127,36.2642132788348,12.0083379602641,"2025"
"2714",-119.033666397429,36.5578256025278,26.3768881369688,"2025"
"2726",-119.138016301703,36.1682100392086,181.962827616887,"2025"
"2739",-119.392977656364,35.8903643796445,9.63189853089674,"2025"
"2742",-119.45024563927,36.2076824365024,66.0872186653218,"2025"
"2772",-118.798331010016,35.943384808599,4.79740601877752,"2025"
"2795",-118.783357320161,34.9797010783239,2422.73062642442,"2025"
"2824",-118.931121736459,35.3272128069404,31.9565578876591,"2025"
"2893",-119.038837256933,35.2624633626764,80.6609099248789,"2025"
"2897",-118.796471969966,35.4162277276774,47.0786982356117,"2025"
"2900",-119.150401623275,34.9473229582053,331.137250628682,"2025"
"2904",-117.880164893465,34.9084872032804,3.85654201762754,"2025"
"2912",-118.464084346732,34.980430673458,2.78977401183812,"2025"
"2914",-119.767704460078,35.6479415948574,37.3555282855713,"2025"
"2915",-118.841675595596,35.6576891087084,37.8864900202239,"2025"
"2923",-118.17727782098,35.5947531857608,2.68851397534051,"2025"
"2931",-117.935588992965,35.2508199420292,4.15958998094804,"2025"
"2934",-117.780318334342,35.1804827993342,4.45373197094206,"2025"
"2935",-118.337814221164,35.2801940255313,414.097402689595,"2025"
"2947",-119.503039394754,35.2672331211903,33.8825202966942,"2025"
"2949",-119.195697139978,35.6433699474497,33.4924752942539,"2025"
"3000",-119.820603803423,38.597094081245,13.9238615310793,"2025"
"3004",-120.933979846297,38.4175792086332,38.3682154141894,"2025"
"3010",-120.710039587374,38.0219900587912,57.1564113323871,"2025"
"3013",-117.328777996373,36.4460848855241,11.533230055471,"2025"
"3014",-118.286446877807,37.3172240688691,4.82485605258664,"2025"
"3018",-119.723391382274,37.6706679769965,16.8564608043366,"2025"
"3019",-120.183540016953,37.5952158760793,6.03936599819306,"2025"
"3020",-120.025456844301,37.3754860789222,164.265850032946,"2025"
"3021",-119.203393590944,38.1671371795063,8.68249595717678,"2025"
"3022",-118.519674002668,37.6917935398911,0.341356003140402,"2025"
"3029",-119.988986491895,38.2028029889458,25.8100785772247,"2025"
"3030",-119.691848566942,37.9432606870394,2.51942200860991,"2025"
"3034",-120.43422150028,37.7738081179365,3.38354805567405,"2025"
"3100",-120.969547222813,36.5275658678316,27.4687755826614,"2025"
"3101",-121.522474911746,36.8328393148974,211.082262785695,"2025"
"3137",-121.94674849136,36.9911082165316,198.605833256044,"2025"
"3211",-121.451295679041,36.3477051989184,9.66544997236859,"2025"
"3213",-121.414572320493,36.5725946649201,20.5576300544413,"2025"
"3216",-121.785269373638,36.7095585154616,21.4691939575938,"2025"
"3252",-120.910810052476,35.9605171998839,41.5058274306717,"2025"
"3301",-119.987896653595,35.2280107839926,25.0347451008767,"2025"
"3303",-120.885732604978,35.6912579933363,21.9271036379784,"2025"
"3324",-120.79052213703,35.3331866095589,18.9959247443157,"2025"
"3362",-120.032558934441,34.703891202709,1.52439001512483,"2025"
"3363",-120.272681241429,34.5336955197478,12.7073981069297,"2025"
"3364",-120.020260668448,34.5540054410697,33.9149019314211,"2025"
"3385",-120.398762231821,34.9573496770783,42.5873391723598,"2025"
"3400",-119.14444167002,34.6387778665453,18.6420879686282,"2025"
"3452",-119.021389590792,34.3069933463154,116.666037985176,"2025"
"3501",-118.851725942679,34.1544580895014,45.9726498496526,"2025"
"3602",-117.863719280165,34.2984142808029,372.327115444637,"2025"
"3627",-117.973544177759,34.7492445733967,129.625235036881,"2025"
"3628",-117.760267982291,34.6863091808921,38.4654234548474,"2025"
"3692",-118.295530885329,34.3610479384464,500,"2025"
"3699",-118.635989122871,34.6336006686388,8.73446793670733,"2025"
"3725",-118.575645706117,34.2868308272977,456.476683306076,"2025"
"3822",-118.530411156452,34.1647330588885,11.6209880522588,"2025"
"4023",-118.268323854909,34.088080550352,478.971608021949,"2025"
"4280",-118.168119072013,33.9425532733297,548.459655106801,"2025"
"4547",-118.373885250537,33.9540321067406,969.898893338486,"2025"
"4622",-118.23638607237,33.8346288189,801.70215728215,"2025"
"4916",-117.938110012158,34.0621470608439,314.356667808001,"2025"
"5055",-117.759220651964,34.0827648185871,289.03813036039,"2025"
"5101",-117.283558694141,35.3859426272637,3479.82369341837,"2025"
"5138",-115.46865474482,34.9341607638801,5000,"2025"
"5139",-115.854705571636,35.3999329883185,393.840775775241,"2025"
"5140",-116.600165334143,35.4378697094107,500,"2025"
"5142",-116.243848776799,34.0792339816679,500,"2025"
"5144",-116.597547636965,34.3658095836312,569.653879875924,"2025"
"5146",-115.873072280476,34.1547120022446,172.362117027043,"2025"
"5148",-114.802781067676,34.5052103801359,500,"2025"
"5157",-116.864603238637,34.1396883625477,500,"2025"
"5158",-117.382061424215,34.8071658056363,500,"2025"
"5160",-116.993017791236,34.6370083569501,399.920846127868,"2025"
"5195",-116.440648697204,34.8449949462717,426.964981000717,"2025"
"5199",-117.563291588792,34.3424727961093,56.5445599168782,"2025"
"5205",-117.703352050553,33.9709326478646,562.248238871063,"2025"
"5310",-117.471075966127,34.0564816055619,194.686258114542,"2025"
"5317",-117.394377230289,34.182499704916,54.3901620288258,"2025"
"5517",-117.166368413146,33.7191299192946,176.772021853712,"2025"
"5523",-117.405570245519,33.5757245908217,250.5733274866,"2025"
"5581",-117.408608099531,33.7795143210514,154.776031754238,"2025"
"5591",-117.226493333489,33.9286981743004,488.585994665,"2025"
"5600",-115.604774591728,33.2376659836729,52.4144129843123,"2025"
"5601",-115.414596307799,32.9907854099583,500,"2025"
"5614",-114.998545332192,33.0746190033165,1159.09407463511,"2025"
"5615",-115.87060216784,33.1596630043049,416.050589577405,"2025"
"5624",-117.091200707386,33.9730684088259,500,"2025"
"5636",-116.764300994005,33.6302219056992,524.686003816653,"2025"
"5665",-116.152827890945,33.5265770951924,27.4797680232439,"2025"
"5668",-115.582296891338,33.8812406589577,1500,"2025"
"5675",-116.338604792653,33.7955264133332,215.124907482065,"2025"
"5681",-114.738447232203,33.8118437542552,573.426001813295,"2025"
"5786",-117.812476652612,33.9225923339992,1500,"2025"
"5805",-117.98977211796,33.7409210603358,295.885257817666,"2025"
"5900",-117.783272033275,33.6034891603085,1009.60482671336,"2025"
"6006",-117.690417212243,33.4728015660934,562.43958925,"2025"
"6099",-116.335421019885,33.5106594151111,500,"2025"
"6100",-116.290432218708,33.1160252774371,267.874805513819,"2025"
"6101",-116.438925962994,32.7034492318799,20.3680220231569,"2025"
"6102",-116.704173911736,33.2411454996252,1500,"2025"
"6136",-116.900866675007,32.7236685351833,684.305559621849,"2025"
"6246",-117.414278764489,33.3616079951512,1500,"2025"
"6264",-117.255227004675,33.1862084407157,126.229788087535,"2025"
"6390",-117.192303093249,33.0331613611319,220.209877817781,"2025"
"6518",-117.036648189057,32.7733154243274,500,"2025"
"6561",-116.972416936302,32.7148468668414,457.738828973005,"2025"
"6836",-115.92625092292,32.815208160556,23.3522255662735,"2025"
"109",-123.755197379477,41.1541477436378,1471.06313840522,"2030"
"116",-124.056933434818,40.4424556590573,500,"2030"
"122",-120.592987698823,40.8639250224093,122.6695953325,"2030"
"130",-120.50537088862,41.5761323329595,69.9075144775,"2030"
"150",-122.364343087107,40.6739851895282,2187.90953310442,"2030"
"156",-122.359142806701,40.9950928788783,500,"2030"
"157",-121.997793569239,40.8695228215215,500,"2030"
"158",-121.513203795865,40.6729642834579,169.158513404162,"2030"
"161",-122.041755606452,41.7974598413151,500,"2030"
"162",-122.475503414042,41.8891099632226,500,"2030"
"163",-123.335680907067,41.7447460048882,217.888011295874,"2030"
"164",-123.020229747748,41.4013733776321,500,"2030"
"166",-122.435598978743,41.4823758663718,10000,"2030"
"169",-121.813996666238,41.4130876781861,4.5593839974452,"2030"
"170",-122.778672438376,40.9218877079846,178.644029516399,"2030"
"171",-123.26194366533,40.8849612994346,3.50896399860578,"2030"
"172",-123.242836035237,40.4876323079403,36.0746348910651,"2030"
"219",-121.332130179713,39.6408160566063,500,"2030"
"226",-121.777392301415,39.4185001197963,177.084158304577,"2030"
"227",-122.01186113245,39.0017575662403,102.883576456459,"2030"
"228",-122.357841300107,39.2190973272834,9.68127655144978,"2030"
"235",-122.046855323628,39.6714882878186,500,"2030"
"242",-122.516642598164,38.8210081514369,64.5982682137535,"2030"
"244",-122.863790704433,39.2897206648043,74.6431380148332,"2030"
"246",-123.214005860486,39.7678225150764,16.9842300534832,"2030"
"247",-123.696780822889,39.7797722225828,13.703771979525,"2030"
"248",-123.638358068746,39.4549754829463,22.0977379551727,"2030"
"251",-123.31842823481,39.358752302385,82.6425553508529,"2030"
"256",-123.528879752079,39.1619536853695,32.3167025136968,"2030"
"257",-123.511530514922,38.9071458741385,11.9198880387978,"2030"
"258",-123.198119488288,38.9628393576288,24.2132183390162,"2030"
"270",-121.169398640059,39.1003566471323,500,"2030"
"273",-121.003790813055,39.8816399405759,398.332193862071,"2030"
"276",-121.235650122588,40.2722854949641,9.79049996800038,"2030"
"277",-120.516014343013,39.580688669977,731.698382478436,"2030"
"278",-121.808539266908,40.1955332495693,500,"2030"
"280",-122.330292053655,40.2721818766048,245.104392617919,"2030"
"308",-121.621730964904,38.8940215276172,302.933807561643,"2030"
"309",-121.800555761586,39.1532217658689,418.14711104148,"2030"
"331",-122.137491984328,38.7861425665166,387.343345065448,"2030"
"403",-120.976681168372,38.8534670700679,313.688474330711,"2030"
"414",-120.324744326104,38.8305565323631,500,"2030"
"420",-120.733007600707,38.8929687729119,491.225928685589,"2030"
"425",-120.526148108695,38.6028624578985,500,"2030"
"434",-120.474697300892,39.2486513050169,6753.81697640171,"2030"
"435",-121.094783583392,38.8649916774992,5000,"2030"
"439",-121.23108578315,38.7830351865452,452.125168326339,"2030"
"506",-121.467335110454,38.5876624894595,2540.98767782441,"2030"
"622",-121.413995428114,38.6179694432197,9847.28478946152,"2030"
"715",-121.625620682018,38.1702973354452,500,"2030"
"742",-121.278113561835,38.2908557249288,420.489835863637,"2030"
"803",-122.304669514121,38.626594073059,55.7335052916889,"2030"
"829",-121.800333120393,38.4226701653643,499.999999999999,"2030"
"858",-122.166125129309,38.2540563838418,7490.58071294026,"2030"
"877",-121.977703574752,38.1573677714284,1253.50984307233,"2030"
"887",-123.218622980784,38.6322674554832,298.382841861144,"2030"
"888",-122.822270828278,38.7299133905846,219.97335225501,"2030"
"895",-122.960106445359,38.518595563279,450.413996010462,"2030"
"906",-122.7834662554,38.1630636588719,219.672052954148,"2030"
"935",-122.497077312202,37.9559523409793,919.416520650313,"2030"
"983",-122.54672852134,38.2190105926224,391.596210180304,"2030"
"1210",-122.414118649336,37.5345521215456,1500,"2030"
"1283",-122.299910594892,37.2903668424745,190.257902029211,"2030"
"1314",-121.819115151108,37.8322896653234,127.8501404125,"2030"
"1319",-122.153272293955,38.0162324480831,1500,"2030"
"1365",-121.632263702073,37.8819063487158,6917.19162995306,"2030"
"1480",-122.308439123972,37.8015331211233,3000,"2030"
"1612",-122.00782994373,37.5176063748267,3157.81747217921,"2030"
"1672",-121.989909283744,37.6501706443344,1109.27060815652,"2030"
"1796",-121.973765460631,37.4414115045493,990.656408838486,"2030"
"1850",-121.89986419762,37.3462081373769,4617.9954278397,"2030"
"1937",-121.692677183537,37.0552379554198,1812.5300433214,"2030"
"2003",-121.182289943771,37.9347984749818,467.367646752344,"2030"
"2114",-121.453225587472,37.6113436116689,500,"2030"
"2119",-121.077666676359,38.1160988621884,500,"2030"
"2122",-121.213775859586,37.9900358112449,4656.12686453187,"2030"
"2127",-121.114934764578,37.7551238096651,20000,"2030"
"2133",-121.458026689971,37.921840478373,15000,"2030"
"2208",-121.311387632705,37.4888211038607,217.736571723916,"2030"
"2215",-120.88971210717,37.5082736556468,393.80958420559,"2030"
"2224",-120.609430876517,37.6492521727898,500,"2030"
"2310",-120.645877326591,37.1783649815002,739.705731453221,"2030"
"2311",-120.903713397097,37.205457186913,2194.79487558963,"2030"
"2323",-120.805122052661,37.3389480741047,460.610755675873,"2030"
"2324",-120.483074345704,37.4928411171191,228.805509975428,"2030"
"2478",-119.782721748134,36.737094780275,1392.56543721039,"2030"
"2489",-119.74539568899,36.660414535898,999.489850292928,"2030"
"2507",-119.022964865082,37.1720303365142,294.547375429907,"2030"
"2509",-118.869473985197,36.8217556084848,500,"2030"
"2518",-119.682397429884,36.4759448890163,500,"2030"
"2522",-120.137297453858,36.6326706605326,268.264115764234,"2030"
"2525",-120.385925960671,36.5510125078256,7500,"2030"
"2529",-120.636340775124,36.7886757915198,35.6054560373001,"2030"
"2530",-120.103126519148,36.1678862984166,118.415978055465,"2030"
"2532",-120.159781329275,36.3251277422132,277.343594118285,"2030"
"2551",-120.252754820434,37.0149914965006,750,"2030"
"2566",-119.884722021432,37.1674242425393,500,"2030"
"2602",-119.738133265073,35.9479724131564,374.72747347553,"2030"
"2713",-118.499387088127,36.2642132788348,433.720126731486,"2030"
"2714",-119.033666397429,36.5578256025278,379.217508950463,"2030"
"2726",-119.138016301703,36.1682100392086,600.879402480305,"2030"
"2739",-119.392977656364,35.8903643796445,500,"2030"
"2742",-119.45024563927,36.2076824365024,393.473935557275,"2030"
"2772",-118.798331010016,35.943384808599,194.080540585044,"2030"
"2795",-118.783357320161,34.9797010783239,1577.45453554535,"2030"
"2824",-118.931121736459,35.3272128069404,500,"2030"
"2833",-118.873920429889,35.3693071519382,148.876316763596,"2030"
"2893",-119.038837256933,35.2624633626764,500.000000000001,"2030"
"2897",-118.796471969966,35.4162277276774,233.862176879853,"2030"
"2900",-119.150401623275,34.9473229582053,404.820765183779,"2030"
"2904",-117.880164893465,34.9084872032804,134.601658384983,"2030"
"2912",-118.464084346732,34.980430673458,26.9264979000469,"2030"
"2914",-119.767704460078,35.6479415948574,500,"2030"
"2915",-118.841675595596,35.6576891087084,343.016541694976,"2030"
"2923",-118.17727782098,35.5947531857608,61.1549473898511,"2030"
"2931",-117.935588992965,35.2508199420292,500,"2030"
"2934",-117.780318334342,35.1804827993342,52.9453159938259,"2030"
"2935",-118.337814221164,35.2801940255313,372.930539600269,"2030"
"2947",-119.503039394754,35.2672331211903,500,"2030"
"2949",-119.195697139978,35.6433699474497,591.052980557851,"2030"
"3000",-119.820603803423,38.597094081245,500,"2030"
"3004",-120.933979846297,38.4175792086332,418.550476059264,"2030"
"3010",-120.710039587374,38.0219900587912,267.526720398035,"2030"
"3013",-117.328777996373,36.4460848855241,92.0888317503315,"2030"
"3014",-118.286446877807,37.3172240688691,80.3593281446739,"2030"
"3018",-119.723391382274,37.6706679769965,252.097128288953,"2030"
"3019",-120.183540016953,37.5952158760793,74.5622520584796,"2030"
"3020",-120.025456844301,37.3754860789222,827.592593968532,"2030"
"3021",-119.203393590944,38.1671371795063,91.3239719298943,"2030"
"3022",-118.519674002668,37.6917935398911,8.39895848444664,"2030"
"3029",-119.988986491895,38.2028029889458,297.918943957328,"2030"
"3030",-119.691848566942,37.9432606870394,37.9420501896563,"2030"
"3034",-120.43422150028,37.7738081179365,67.096910541059,"2030"
"3100",-120.969547222813,36.5275658678316,147.027545355537,"2030"
"3101",-121.522474911746,36.8328393148974,549.52877007783,"2030"
"3137",-121.94674849136,36.9911082165316,488.294611382786,"2030"
"3211",-121.451295679041,36.3477051989184,289.495995769598,"2030"
"3213",-121.414572320493,36.5725946649201,52.7387701333807,"2030"
"3216",-121.785269373638,36.7095585154616,500,"2030"
"3252",-120.910810052476,35.9605171998839,182.944272030358,"2030"
"3301",-119.987896653595,35.2280107839926,500,"2030"
"3303",-120.885732604978,35.6912579933363,286.708378863308,"2030"
"3324",-120.79052213703,35.3331866095589,128.924874988843,"2030"
"3362",-120.032558934441,34.703891202709,59.5760173557107,"2030"
"3363",-120.272681241429,34.5336955197478,178.653506825908,"2030"
"3364",-120.020260668448,34.5540054410697,256.034201071357,"2030"
"3385",-120.398762231821,34.9573496770783,421.760177855965,"2030"
"3400",-119.14444167002,34.6387778665453,179.90620220395,"2030"
"3410",-118.796347537522,34.421256824616,513.374292016184,"2030"
"3452",-119.021389590792,34.3069933463154,1000,"2030"
"3501",-118.851725942679,34.1544580895014,1145.93558155836,"2030"
"3602",-117.863719280165,34.2984142808029,500,"2030"
"3627",-117.973544177759,34.7492445733967,1000,"2030"
"3628",-117.760267982291,34.6863091808921,500,"2030"
"3692",-118.295530885329,34.3610479384464,7500,"2030"
"3699",-118.635989122871,34.6336006686388,18236.4373705052,"2030"
"3725",-118.575645706117,34.2868308272977,404.659889979844,"2030"
"3822",-118.530411156452,34.1647330588885,499.999999999999,"2030"
"4023",-118.268323854909,34.088080550352,7500,"2030"
"4280",-118.168119072013,33.9425532733297,451.868491139205,"2030"
"4547",-118.373885250537,33.9540321067406,7500,"2030"
"4622",-118.23638607237,33.8346288189,10000,"2030"
"4916",-117.938110012158,34.0621470608439,1500,"2030"
"5055",-117.759220651964,34.0827648185871,223.596601455652,"2030"
"5101",-117.283558694141,35.3859426272637,15000,"2030"
"5138",-115.46865474482,34.9341607638801,18213.0843133858,"2030"
"5139",-115.854705571636,35.3999329883185,228.48223755869,"2030"
"5140",-116.600165334143,35.4378697094107,18534.3026385463,"2030"
"5142",-116.243848776799,34.0792339816679,1500,"2030"
"5144",-116.597547636965,34.3658095836312,20000,"2030"
"5146",-115.873072280476,34.1547120022446,1500,"2030"
"5148",-114.802781067676,34.5052103801359,178.710453604765,"2030"
"5157",-116.864603238637,34.1396883625477,38.2112539969941,"2030"
"5158",-117.382061424215,34.8071658056363,500,"2030"
"5160",-116.993017791236,34.6370083569501,684.788683047771,"2030"
"5194",-115.44571870322,34.2568403214839,415.261208371692,"2030"
"5195",-116.440648697204,34.8449949462717,500,"2030"
"5199",-117.563291588792,34.3424727961093,500,"2030"
"5205",-117.703352050553,33.9709326478646,621.106391903451,"2030"
"5206",-117.695642494353,33.9286025685133,14285.0157481851,"2030"
"5310",-117.471075966127,34.0564816055619,1283.53345588528,"2030"
"5317",-117.394377230289,34.182499704916,500,"2030"
"5376",-117.317235072239,34.0322513505524,5000,"2030"
"5517",-117.166368413146,33.7191299192946,1500,"2030"
"5523",-117.405570245519,33.5757245908217,380.61364742411,"2030"
"5581",-117.408608099531,33.7795143210514,1500,"2030"
"5591",-117.226493333489,33.9286981743004,245.366338880992,"2030"
"5600",-115.604774591728,33.2376659836729,500,"2030"
"5601",-115.414596307799,32.9907854099583,499.999999999994,"2030"
"5614",-114.998545332192,33.0746190033165,10000,"2030"
"5615",-115.87060216784,33.1596630043049,500,"2030"
"5617",-116.554430883838,33.7616414970688,11284.9769652002,"2030"
"5624",-117.091200707386,33.9730684088259,956.357762630121,"2030"
"5636",-116.764300994005,33.6302219056992,774.296180814145,"2030"
"5665",-116.152827890945,33.5265770951924,891.520894287081,"2030"
"5668",-115.582296891338,33.8812406589577,5999.66510956141,"2030"
"5669",-114.653336374328,33.5361198240549,16017.4962715516,"2030"
"5675",-116.338604792653,33.7955264133332,500,"2030"
"5681",-114.738447232203,33.8118437542552,451.168132405902,"2030"
"5693",-115.151865509688,33.7252445010949,0.13407799720742,"2030"
"5786",-117.812476652612,33.9225923339992,4359.60503054688,"2030"
"5805",-117.98977211796,33.7409210603358,697.934427733771,"2030"
"5863",-118.023663164894,33.7650643084092,403.948953728312,"2030"
"5900",-117.783272033275,33.6034891603085,8904.58617563218,"2030"
"6006",-117.690417212243,33.4728015660934,750,"2030"
"6099",-116.335421019885,33.5106594151111,500,"2030"
"6100",-116.290432218708,33.1160252774371,500,"2030"
"6101",-116.438925962994,32.7034492318799,500,"2030"
"6102",-116.704173911736,33.2411454996252,15000,"2030"
"6136",-116.900866675007,32.7236685351833,6849.87993630061,"2030"
"6223",-117.327636656384,33.12177980106,3000,"2030"
"6246",-117.414278764489,33.3616079951512,13131.1205103025,"2030"
"6264",-117.255227004675,33.1862084407157,1281.44727161735,"2030"
"6390",-117.192303093249,33.0331613611319,1500,"2030"
"6518",-117.036648189057,32.7733154243274,6801.70382962912,"2030"
"6836",-115.92625092292,32.815208160556,1500,"2030"
"109",-123.755197379477,41.1541477436378,3000,"2035"
"116",-124.056933434818,40.4424556590573,500,"2035"
"122",-120.592987698823,40.8639250224093,500,"2035"
"130",-120.50537088862,41.5761323329595,408.33776404,"2035"
"150",-122.364343087107,40.6739851895282,15000,"2035"
"152",-122.010535385645,40.5273529792685,14360.629316224,"2035"
"156",-122.359142806701,40.9950928788783,26.4791241852722,"2035"
"157",-121.997793569239,40.8695228215215,500,"2035"
"158",-121.513203795865,40.6729642834579,433.591870538211,"2035"
"161",-122.041755606452,41.7974598413151,500,"2035"
"162",-122.475503414042,41.8891099632226,378.961073553515,"2035"
"163",-123.335680907067,41.7447460048882,500,"2035"
"164",-123.020229747748,41.4013733776321,437.166119092156,"2035"
"166",-122.435598978743,41.4823758663718,20000,"2035"
"169",-121.813996666238,41.4130876781861,13.1667281004773,"2035"
"170",-122.778672438376,40.9218877079846,500,"2035"
"171",-123.26194366533,40.8849612994346,7.08258799953786,"2035"
"172",-123.242836035237,40.4876323079403,91.0376755688177,"2035"
"219",-121.332130179713,39.6408160566063,500,"2035"
"226",-121.777392301415,39.4185001197963,1500,"2035"
"227",-122.01186113245,39.0017575662403,469.32417153418,"2035"
"228",-122.357841300107,39.2190973272834,59.3749205888717,"2035"
"235",-122.046855323628,39.6714882878186,867.920992481489,"2035"
"242",-122.516642598164,38.8210081514369,140.963196703105,"2035"
"244",-122.863790704433,39.2897206648043,500,"2035"
"246",-123.214005860486,39.7678225150764,54.2010621945201,"2035"
"247",-123.696780822889,39.7797722225828,44.8990501127255,"2035"
"248",-123.638358068746,39.4549754829463,58.2260858915824,"2035"
"251",-123.31842823481,39.358752302385,241.557313619589,"2035"
"256",-123.528879752079,39.1619536853695,106.074609370523,"2035"
"257",-123.511530514922,38.9071458741385,32.9664740787268,"2035"
"258",-123.198119488288,38.9628393576288,283.355614994727,"2035"
"270",-121.169398640059,39.1003566471323,476.830656621508,"2035"
"273",-121.003790813055,39.8816399405759,500,"2035"
"276",-121.235650122588,40.2722854949641,69.7140941728345,"2035"
"277",-120.516014343013,39.580688669977,13179.6172333273,"2035"
"278",-121.808539266908,40.1955332495693,1500,"2035"
"280",-122.330292053655,40.2721818766048,500,"2035"
"308",-121.621730964904,38.8940215276172,1297.43893067741,"2035"
"309",-121.800555761586,39.1532217658689,500,"2035"
"315",-121.616572170032,38.4331491696051,347.147228306418,"2035"
"331",-122.137491984328,38.7861425665166,500,"2035"
"345",-121.380663692875,39.146240543838,500,"2035"
"403",-120.976681168372,38.8534670700679,1000,"2035"
"414",-120.324744326104,38.8305565323631,500,"2035"
"420",-120.733007600707,38.8929687729119,500,"2035"
"425",-120.526148108695,38.6028624578985,4558.44639261329,"2035"
"434",-120.474697300892,39.2486513050169,15000,"2035"
"435",-121.094783583392,38.8649916774992,15000,"2035"
"439",-121.23108578315,38.7830351865452,1500,"2035"
"506",-121.467335110454,38.5876624894595,13085.0023026693,"2035"
"622",-121.413995428114,38.6179694432197,20000,"2035"
"715",-121.625620682018,38.1702973354452,500,"2035"
"716",-121.41806275136,38.4538021226063,4527.91983540518,"2035"
"742",-121.278113561835,38.2908557249288,1500,"2035"
"803",-122.304669514121,38.626594073059,407.87735380913,"2035"
"829",-121.800333120393,38.4226701653643,999.999999999998,"2035"
"858",-122.166125129309,38.2540563838418,17971.5976090573,"2035"
"877",-121.977703574752,38.1573677714284,14345.1297821926,"2035"
"887",-123.218622980784,38.6322674554832,500,"2035"
"888",-122.822270828278,38.7299133905846,500,"2035"
"895",-122.960106445359,38.518595563279,500,"2035"
"906",-122.7834662554,38.1630636588719,500,"2035"
"935",-122.497077312202,37.9559523409793,5000,"2035"
"983",-122.54672852134,38.2190105926224,1500,"2035"
"1210",-122.414118649336,37.5345521215456,5646.44711724119,"2035"
"1283",-122.299910594892,37.2903668424745,1000,"2035"
"1314",-121.819115151108,37.8322896653234,500,"2035"
"1319",-122.153272293955,38.0162324480831,1405.62042297797,"2035"
"1365",-121.632263702073,37.8819063487158,9103.32224644671,"2035"
"1480",-122.308439123972,37.8015331211233,10000,"2035"
"1610",-121.865077585008,37.6969335251868,14974.3986018595,"2035"
"1612",-122.00782994373,37.5176063748267,13318.6257488675,"2035"
"1672",-121.989909283744,37.6501706443344,1500,"2035"
"1791",-122.121528989265,37.3035978363274,1000,"2035"
"1796",-121.973765460631,37.4414115045493,8671.30035355701,"2035"
"1850",-121.89986419762,37.3462081373769,3942.12106190201,"2035"
"1937",-121.692677183537,37.0552379554198,6622.53510287307,"2035"
"1944",-121.515854373978,37.2357884174404,500,"2035"
"2003",-121.182289943771,37.9347984749818,20000,"2035"
"2019",-121.306721892897,37.9070416638204,1500,"2035"
"2114",-121.453225587472,37.6113436116689,500,"2035"
"2119",-121.077666676359,38.1160988621884,500,"2035"
"2122",-121.213775859586,37.9900358112449,20000,"2035"
"2127",-121.114934764578,37.7551238096651,20000,"2035"
"2133",-121.458026689971,37.921840478373,15000,"2035"
"2208",-121.311387632705,37.4888211038607,500.000000002,"2035"
"2215",-120.88971210717,37.5082736556468,20000,"2035"
"2224",-120.609430876517,37.6492521727898,20000,"2035"
"2310",-120.645877326591,37.1783649815002,14951.4998155865,"2035"
"2311",-120.903713397097,37.205457186913,3000,"2035"
"2323",-120.805122052661,37.3389480741047,500,"2035"
"2324",-120.483074345704,37.4928411171191,14879.6398309164,"2035"
"2478",-119.782721748134,36.737094780275,5152.33825214303,"2035"
"2489",-119.74539568899,36.660414535898,869.362860790006,"2035"
"2507",-119.022964865082,37.1720303365142,975.920234697329,"2035"
"2509",-118.869473985197,36.8217556084848,1500,"2035"
"2518",-119.682397429884,36.4759448890163,1500,"2035"
"2522",-120.137297453858,36.6326706605326,500,"2035"
"2525",-120.385925960671,36.5510125078256,15000,"2035"
"2529",-120.636340775124,36.7886757915198,500,"2035"
"2530",-120.103126519148,36.1678862984166,500,"2035"
"2532",-120.159781329275,36.3251277422132,500,"2035"
"2545",-119.975120194572,36.8544343618095,6199.85752227651,"2035"
"2551",-120.252754820434,37.0149914965006,750,"2035"
"2566",-119.884722021432,37.1674242425393,1500,"2035"
"2602",-119.738133265073,35.9479724131564,500,"2035"
"2713",-118.499387088127,36.2642132788348,500,"2035"
"2714",-119.033666397429,36.5578256025278,500,"2035"
"2726",-119.138016301703,36.1682100392086,4776.44135891756,"2035"
"2739",-119.392977656364,35.8903643796445,283.501984159567,"2035"
"2742",-119.45024563927,36.2076824365024,1000,"2035"
"2772",-118.798331010016,35.943384808599,215.310846155419,"2035"
"2795",-118.783357320161,34.9797010783239,30000,"2035"
"2824",-118.931121736459,35.3272128069404,500,"2035"
"2833",-118.873920429889,35.3693071519382,15000,"2035"
"2893",-119.038837256933,35.2624633626764,6086.94681686984,"2035"
"2897",-118.796471969966,35.4162277276774,430.169802669945,"2035"
"2900",-119.150401623275,34.9473229582053,488.517461352781,"2035"
"2904",-117.880164893465,34.9084872032804,476.043869705827,"2035"
"2912",-118.464084346732,34.980430673458,1500,"2035"
"2914",-119.767704460078,35.6479415948574,161.510253859101,"2035"
"2915",-118.841675595596,35.6576891087084,500,"2035"
"2923",-118.17727782098,35.5947531857608,194.010155102911,"2035"
"2931",-117.935588992965,35.2508199420292,1500,"2035"
"2934",-117.780318334342,35.1804827993342,208.240591356953,"2035"
"2935",-118.337814221164,35.2801940255313,287.359410871998,"2035"
"2947",-119.503039394754,35.2672331211903,500,"2035"
"2949",-119.195697139978,35.6433699474497,3000,"2035"
"3000",-119.820603803423,38.597094081245,500,"2035"
"3004",-120.933979846297,38.4175792086332,500,"2035"
"3010",-120.710039587374,38.0219900587912,1000,"2035"
"3013",-117.328777996373,36.4460848855241,316.228614523866,"2035"
"3014",-118.286446877807,37.3172240688691,239.602877949824,"2035"
"3018",-119.723391382274,37.6706679769965,500,"2035"
"3019",-120.183540016953,37.5952158760793,311.731106212488,"2035"
"3020",-120.025456844301,37.3754860789222,2686.89354177516,"2035"
"3021",-119.203393590944,38.1671371795063,240.500554794811,"2035"
"3022",-118.519674002668,37.6917935398911,226.395035262973,"2035"
"3029",-119.988986491895,38.2028029889458,368.061562679843,"2035"
"3030",-119.691848566942,37.9432606870394,136.710453990664,"2035"
"3034",-120.43422150028,37.7738081179365,500,"2035"
"3100",-120.969547222813,36.5275658678316,500,"2035"
"3101",-121.522474911746,36.8328393148974,1000,"2035"
"3137",-121.94674849136,36.9911082165316,1000,"2035"
"3211",-121.451295679041,36.3477051989184,500,"2035"
"3213",-121.414572320493,36.5725946649201,500,"2035"
"3216",-121.785269373638,36.7095585154616,3000,"2035"
"3252",-120.910810052476,35.9605171998839,1000,"2035"
"3301",-119.987896653595,35.2280107839926,1446.68029067448,"2035"
"3303",-120.885732604978,35.6912579933363,500,"2035"
"3324",-120.79052213703,35.3331866095589,500,"2035"
"3362",-120.032558934441,34.703891202709,492.644560898214,"2035"
"3363",-120.272681241429,34.5336955197478,500,"2035"
"3364",-120.020260668448,34.5540054410697,660.150460355067,"2035"
"3385",-120.398762231821,34.9573496770783,1259.91491562749,"2035"
"3400",-119.14444167002,34.6387778665453,500.000000001,"2035"
"3410",-118.796347537522,34.421256824616,1000,"2035"
"3452",-119.021389590792,34.3069933463154,4673.19691914403,"2035"
"3501",-118.851725942679,34.1544580895014,1500,"2035"
"3602",-117.863719280165,34.2984142808029,33.6929837549207,"2035"
"3627",-117.973544177759,34.7492445733967,2985.5476456446,"2035"
"3628",-117.760267982291,34.6863091808921,500,"2035"
"3692",-118.295530885329,34.3610479384464,19911.4169249533,"2035"
"3699",-118.635989122871,34.6336006686388,20000,"2035"
"3725",-118.575645706117,34.2868308272977,9970.79782942453,"2035"
"3822",-118.530411156452,34.1647330588885,500,"2035"
"4023",-118.268323854909,34.088080550352,17221.1614450668,"2035"
"4280",-118.168119072013,33.9425532733297,18854.3914958651,"2035"
"4547",-118.373885250537,33.9540321067406,20000,"2035"
"4622",-118.23638607237,33.8346288189,20000,"2035"
"4916",-117.938110012158,34.0621470608439,7500,"2035"
"5055",-117.759220651964,34.0827648185871,500.000000000001,"2035"
"5101",-117.283558694141,35.3859426272637,20000,"2035"
"5110",-117.123059494058,34.9397787534851,60000,"2035"
"5138",-115.46865474482,34.9341607638801,20000,"2035"
"5139",-115.854705571636,35.3999329883185,500,"2035"
"5140",-116.600165334143,35.4378697094107,20000,"2035"
"5142",-116.243848776799,34.0792339816679,15000,"2035"
"5144",-116.597547636965,34.3658095836312,20000,"2035"
"5146",-115.873072280476,34.1547120022446,1500,"2035"
"5148",-114.802781067676,34.5052103801359,20000,"2035"
"5150",-117.352246949163,34.2682102299393,12964.3500244088,"2035"
"5157",-116.864603238637,34.1396883625477,500,"2035"
"5158",-117.382061424215,34.8071658056363,750,"2035"
"5160",-116.993017791236,34.6370083569501,20000,"2035"
"5161",-116.918893446208,34.4621718191985,35228.3129701733,"2035"
"5194",-115.44571870322,34.2568403214839,500,"2035"
"5195",-116.440648697204,34.8449949462717,20000,"2035"
"5199",-117.563291588792,34.3424727961093,500,"2035"
"5205",-117.703352050553,33.9709326478646,20000,"2035"
"5206",-117.695642494353,33.9286025685133,20000,"2035"
"5310",-117.471075966127,34.0564816055619,1500,"2035"
"5317",-117.394377230289,34.182499704916,2500,"2035"
"5376",-117.317235072239,34.0322513505524,15000,"2035"
"5517",-117.166368413146,33.7191299192946,5000,"2035"
"5523",-117.405570245519,33.5757245908217,1160.98725646818,"2035"
"5536",-117.204624542335,33.6170929137671,7162.4149955164,"2035"
"5581",-117.408608099531,33.7795143210514,6500,"2035"
"5591",-117.226493333489,33.9286981743004,500,"2035"
"5600",-115.604774591728,33.2376659836729,500,"2035"
"5601",-115.414596307799,32.9907854099583,20000,"2035"
"5614",-114.998545332192,33.0746190033165,20000,"2035"
"5615",-115.87060216784,33.1596630043049,500,"2035"
"5617",-116.554430883838,33.7616414970688,20000,"2035"
"5624",-117.091200707386,33.9730684088259,20000,"2035"
"5636",-116.764300994005,33.6302219056992,20000,"2035"
"5665",-116.152827890945,33.5265770951924,2783.52743288409,"2035"
"5668",-115.582296891338,33.8812406589577,20000,"2035"
"5669",-114.653336374328,33.5361198240549,20000,"2035"
"5675",-116.338604792653,33.7955264133332,1500,"2035"
"5681",-114.738447232203,33.8118437542552,20000,"2035"
"5693",-115.151865509688,33.7252445010949,500,"2035"
"5786",-117.812476652612,33.9225923339992,18355.5006234348,"2035"
"5805",-117.98977211796,33.7409210603358,10000,"2035"
"5863",-118.023663164894,33.7650643084092,20000,"2035"
"5900",-117.783272033275,33.6034891603085,15464.2696616654,"2035"
"6006",-117.690417212243,33.4728015660934,745.810402349325,"2035"
"6044",-117.533116995119,33.6605658293588,19143.7518642225,"2035"
"6099",-116.335421019885,33.5106594151111,500,"2035"
"6100",-116.290432218708,33.1160252774371,500,"2035"
"6101",-116.438925962994,32.7034492318799,500,"2035"
"6102",-116.704173911736,33.2411454996252,20000,"2035"
"6136",-116.900866675007,32.7236685351833,20000,"2035"
"6223",-117.327636656384,33.12177980106,7500,"2035"
"6246",-117.414278764489,33.3616079951512,19076.6628945324,"2035"
"6253",-117.243003119089,33.2284182053371,500,"2035"
"6264",-117.255227004675,33.1862084407157,1475.18264167164,"2035"
"6354",-117.21568178374,32.8886930182561,14413.8986664686,"2035"
"6390",-117.192303093249,33.0331613611319,3000,"2035"
"6518",-117.036648189057,32.7733154243274,9510.50021160097,"2035"
"6836",-115.92625092292,32.815208160556,1500,"2035"
"109",-123.755197379477,41.1541477436378,10000,"2040"
"116",-124.056933434818,40.4424556590573,500,"2040"
"122",-120.592987698823,40.8639250224093,500,"2040"
"130",-120.50537088862,41.5761323329595,500,"2040"
"150",-122.364343087107,40.6739851895282,20000,"2040"
"152",-122.010535385645,40.5273529792685,20000,"2040"
"156",-122.359142806701,40.9950928788783,500,"2040"
"157",-121.997793569239,40.8695228215215,20000,"2040"
"158",-121.513203795865,40.6729642834579,500,"2040"
"161",-122.041755606452,41.7974598413151,500,"2040"
"162",-122.475503414042,41.8891099632226,82.7113646791511,"2040"
"163",-123.335680907067,41.7447460048882,500,"2040"
"164",-123.020229747748,41.4013733776321,20000,"2040"
"166",-122.435598978743,41.4823758663718,14102.652507784,"2040"
"169",-121.813996666238,41.4130876781861,9628.01535663035,"2040"
"170",-122.778672438376,40.9218877079846,750,"2040"
"171",-123.26194366533,40.8849612994346,14.5620419736374,"2040"
"172",-123.242836035237,40.4876323079403,163.885500200657,"2040"
"208",-121.772056889972,39.7202595348774,940.149446143283,"2040"
"219",-121.332130179713,39.6408160566063,1697.20878474495,"2040"
"226",-121.777392301415,39.4185001197963,1500,"2040"
"227",-122.01186113245,39.0017575662403,500,"2040"
"228",-122.357841300107,39.2190973272834,500,"2040"
"235",-122.046855323628,39.6714882878186,688.338396907931,"2040"
"242",-122.516642598164,38.8210081514369,500,"2040"
"244",-122.863790704433,39.2897206648043,500,"2040"
"246",-123.214005860486,39.7678225150764,107.915832325422,"2040"
"247",-123.696780822889,39.7797722225828,86.5592441837739,"2040"
"248",-123.638358068746,39.4549754829463,118.777247717515,"2040"
"251",-123.31842823481,39.358752302385,375.936285521919,"2040"
"256",-123.528879752079,39.1619536853695,307.566028585559,"2040"
"257",-123.511530514922,38.9071458741385,66.9201721467502,"2040"
"258",-123.198119488288,38.9628393576288,500,"2040"
"263",-120.535128119216,39.3930901986849,12517.5213103575,"2040"
"270",-121.169398640059,39.1003566471323,297.855071133236,"2040"
"273",-121.003790813055,39.8816399405759,500,"2040"
"276",-121.235650122588,40.2722854949641,127.359948345806,"2040"
"277",-120.516014343013,39.580688669977,20000,"2040"
"278",-121.808539266908,40.1955332495693,4479.86540314891,"2040"
"280",-122.330292053655,40.2721818766048,750,"2040"
"308",-121.621730964904,38.8940215276172,15000,"2040"
"309",-121.800555761586,39.1532217658689,500,"2040"
"315",-121.616572170032,38.4331491696051,20000,"2040"
"331",-122.137491984328,38.7861425665166,500,"2040"
"345",-121.380663692875,39.146240543838,500.000000001,"2040"
"403",-120.976681168372,38.8534670700679,5565.15115696131,"2040"
"414",-120.324744326104,38.8305565323631,500.000000002,"2040"
"420",-120.733007600707,38.8929687729119,500,"2040"
"425",-120.526148108695,38.6028624578985,9772.44839655617,"2040"
"434",-120.474697300892,39.2486513050169,20000,"2040"
"435",-121.094783583392,38.8649916774992,19709.4260092715,"2040"
"439",-121.23108578315,38.7830351865452,1500,"2040"
"455",-121.163075955931,38.9768740850356,15000,"2040"
"506",-121.467335110454,38.5876624894595,20000,"2040"
"622",-121.413995428114,38.6179694432197,20000,"2040"
"715",-121.625620682018,38.1702973354452,500,"2040"
"716",-121.41806275136,38.4538021226063,10000,"2040"
"742",-121.278113561835,38.2908557249288,1500,"2040"
"803",-122.304669514121,38.626594073059,500,"2040"
"829",-121.800333120393,38.4226701653643,20000,"2040"
"858",-122.166125129309,38.2540563838418,17407.128653799,"2040"
"872",-122.207032014355,38.092003525184,7500,"2040"
"877",-121.977703574752,38.1573677714284,17812.5958126003,"2040"
"887",-123.218622980784,38.6322674554832,500,"2040"
"888",-122.822270828278,38.7299133905846,1000,"2040"
"895",-122.960106445359,38.518595563279,1500,"2040"
"906",-122.7834662554,38.1630636588719,272.926199692427,"2040"
"935",-122.497077312202,37.9559523409793,7500,"2040"
"983",-122.54672852134,38.2190105926224,6729.44385245171,"2040"
"1210",-122.414118649336,37.5345521215456,14359.5579145359,"2040"
"1283",-122.299910594892,37.2903668424745,1000,"2040"
"1314",-121.819115151108,37.8322896653234,500,"2040"
"1316",-122.096588524929,38.0228382345393,5000,"2040"
"1319",-122.153272293955,38.0162324480831,1500.000000001,"2040"
"1365",-121.632263702073,37.8819063487158,15000,"2040"
"1385",-122.071750870194,37.9295947318383,1500,"2040"
"1480",-122.308439123972,37.8015331211233,15000,"2040"
"1610",-121.865077585008,37.6969335251868,19661.9774166327,"2040"
"1612",-122.00782994373,37.5176063748267,16552.041053702,"2040"
"1672",-121.989909283744,37.6501706443344,1500,"2040"
"1791",-122.121528989265,37.3035978363274,1000,"2040"
"1796",-121.973765460631,37.4414115045493,15989.2345732746,"2040"
"1850",-121.89986419762,37.3462081373769,15000,"2040"
"1937",-121.692677183537,37.0552379554198,15000,"2040"
"1944",-121.515854373978,37.2357884174404,469.888371643496,"2040"
"2003",-121.182289943771,37.9347984749818,20000,"2040"
"2019",-121.306721892897,37.9070416638204,20000,"2040"
"2114",-121.453225587472,37.6113436116689,20000,"2040"
"2119",-121.077666676359,38.1160988621884,500,"2040"
"2122",-121.213775859586,37.9900358112449,20000,"2040"
"2124",-120.961365190101,37.8169588351577,20000,"2040"
"2127",-121.114934764578,37.7551238096651,20000,"2040"
"2133",-121.458026689971,37.921840478373,32987.6127105315,"2040"
"2208",-121.311387632705,37.4888211038607,1000,"2040"
"2215",-120.88971210717,37.5082736556468,20000,"2040"
"2220",-120.834108232609,37.4858380735298,40000,"2040"
"2224",-120.609430876517,37.6492521727898,20000,"2040"
"2227",-120.830169988109,37.8866418267492,20000,"2040"
"2309",-120.445988531956,37.1930598075624,250.464052320705,"2040"
"2310",-120.645877326591,37.1783649815002,27661.2848785326,"2040"
"2311",-120.903713397097,37.205457186913,20000,"2040"
"2323",-120.805122052661,37.3389480741047,20000,"2040"
"2324",-120.483074345704,37.4928411171191,20000,"2040"
"2478",-119.782721748134,36.737094780275,15841.1941524497,"2040"
"2489",-119.74539568899,36.660414535898,513.043718824068,"2040"
"2507",-119.022964865082,37.1720303365142,1500,"2040"
"2509",-118.869473985197,36.8217556084848,1500,"2040"
"2510",-119.388786652929,36.8829725062583,500,"2040"
"2518",-119.682397429884,36.4759448890163,3000,"2040"
"2522",-120.137297453858,36.6326706605326,500.000000001,"2040"
"2525",-120.385925960671,36.5510125078256,20000,"2040"
"2529",-120.636340775124,36.7886757915198,257.470142233465,"2040"
"2530",-120.103126519148,36.1678862984166,500,"2040"
"2532",-120.159781329275,36.3251277422132,1305.41284393128,"2040"
"2545",-119.975120194572,36.8544343618095,8539.29610496634,"2040"
"2551",-120.252754820434,37.0149914965006,750.000000001,"2040"
"2566",-119.884722021432,37.1674242425393,1500,"2040"
"2602",-119.738133265073,35.9479724131564,1500,"2040"
"2713",-118.499387088127,36.2642132788348,750,"2040"
"2714",-119.033666397429,36.5578256025278,2300.77004645243,"2040"
"2726",-119.138016301703,36.1682100392086,7500,"2040"
"2739",-119.392977656364,35.8903643796445,500,"2040"
"2742",-119.45024563927,36.2076824365024,3000,"2040"
"2772",-118.798331010016,35.943384808599,432.275768505903,"2040"
"2795",-118.783357320161,34.9797010783239,40000,"2040"
"2824",-118.931121736459,35.3272128069404,19557.7045890336,"2040"
"2833",-118.873920429889,35.3693071519382,20000,"2040"
"2893",-119.038837256933,35.2624633626764,20000,"2040"
"2897",-118.796471969966,35.4162277276774,500,"2040"
"2900",-119.150401623275,34.9473229582053,500,"2040"
"2904",-117.880164893465,34.9084872032804,500,"2040"
"2912",-118.464084346732,34.980430673458,20000,"2040"
"2914",-119.767704460078,35.6479415948574,993.712325198999,"2040"
"2915",-118.841675595596,35.6576891087084,500,"2040"
"2923",-118.17727782098,35.5947531857608,500,"2040"
"2931",-117.935588992965,35.2508199420292,1500,"2040"
"2934",-117.780318334342,35.1804827993342,395.039661669685,"2040"
"2935",-118.337814221164,35.2801940255313,500,"2040"
"2947",-119.503039394754,35.2672331211903,500,"2040"
"2949",-119.195697139978,35.6433699474497,7500,"2040"
"3000",-119.820603803423,38.597094081245,500,"2040"
"3003",-120.740899541059,38.4710094513858,1313.95391699614,"2040"
"3004",-120.933979846297,38.4175792086332,1000,"2040"
"3010",-120.710039587374,38.0219900587912,1500,"2040"
"3013",-117.328777996373,36.4460848855241,500,"2040"
"3014",-118.286446877807,37.3172240688691,493.493037315692,"2040"
"3018",-119.723391382274,37.6706679769965,500,"2040"
"3019",-120.183540016953,37.5952158760793,500,"2040"
"3020",-120.025456844301,37.3754860789222,5000,"2040"
"3021",-119.203393590944,38.1671371795063,429.305237922446,"2040"
"3022",-118.519674002668,37.6917935398911,482.552177752466,"2040"
"3029",-119.988986491895,38.2028029889458,500,"2040"
"3030",-119.691848566942,37.9432606870394,500,"2040"
"3034",-120.43422150028,37.7738081179365,500.000000004,"2040"
"3100",-120.969547222813,36.5275658678316,500,"2040"
"3101",-121.522474911746,36.8328393148974,6000,"2040"
"3137",-121.94674849136,36.9911082165316,2500,"2040"
"3211",-121.451295679041,36.3477051989184,1265.78411903383,"2040"
"3213",-121.414572320493,36.5725946649201,500,"2040"
"3216",-121.785269373638,36.7095585154616,5000,"2040"
"3252",-120.910810052476,35.9605171998839,3521.38043696932,"2040"
"3301",-119.987896653595,35.2280107839926,4402.44079441632,"2040"
"3303",-120.885732604978,35.6912579933363,1000,"2040"
"3321",-120.495482839959,35.0306845813038,1500,"2040"
"3324",-120.79052213703,35.3331866095589,500,"2040"
"3362",-120.032558934441,34.703891202709,365.056393284863,"2040"
"3363",-120.272681241429,34.5336955197478,750,"2040"
"3364",-120.020260668448,34.5540054410697,2000,"2040"
"3385",-120.398762231821,34.9573496770783,1116.89901421721,"2040"
"3400",-119.14444167002,34.6387778665453,15000,"2040"
"3410",-118.796347537522,34.421256824616,1000,"2040"
"3452",-119.021389590792,34.3069933463154,7500,"2040"
"3501",-118.851725942679,34.1544580895014,1500,"2040"
"3602",-117.863719280165,34.2984142808029,20000,"2040"
"3627",-117.973544177759,34.7492445733967,6885.303960479,"2040"
"3628",-117.760267982291,34.6863091808921,750,"2040"
"3692",-118.295530885329,34.3610479384464,20000,"2040"
"3699",-118.635989122871,34.6336006686388,20000,"2040"
"3725",-118.575645706117,34.2868308272977,20000,"2040"
"3802",-118.63761975779,34.0552208090577,15000,"2040"
"3822",-118.530411156452,34.1647330588885,500,"2040"
"4023",-118.268323854909,34.088080550352,44527.411494261,"2040"
"4280",-118.168119072013,33.9425532733297,20000,"2040"
"4547",-118.373885250537,33.9540321067406,20000,"2040"
"4574",-118.393605346812,33.9198494905009,20000,"2040"
"4622",-118.23638607237,33.8346288189,20000,"2040"
"4641",-118.268065580432,33.7767661588376,18430.7616135332,"2040"
"4916",-117.938110012158,34.0621470608439,20000,"2040"
"5055",-117.759220651964,34.0827648185871,14644.8421726794,"2040"
"5101",-117.283558694141,35.3859426272637,20000,"2040"
"5110",-117.123059494058,34.9397787534851,130000,"2040"
"5111",-116.882461709058,34.9792277469684,12371.7506636423,"2040"
"5138",-115.46865474482,34.9341607638801,14108.8362958924,"2040"
"5139",-115.854705571636,35.3999329883185,20000,"2040"
"5140",-116.600165334143,35.4378697094107,40000,"2040"
"5142",-116.243848776799,34.0792339816679,15000,"2040"
"5144",-116.597547636965,34.3658095836312,20000,"2040"
"5146",-115.873072280476,34.1547120022446,12392.8744392359,"2040"
"5148",-114.802781067676,34.5052103801359,20000,"2040"
"5150",-117.352246949163,34.2682102299393,20000,"2040"
"5157",-116.864603238637,34.1396883625477,20000,"2040"
"5158",-117.382061424215,34.8071658056363,17895.0605338076,"2040"
"5160",-116.993017791236,34.6370083569501,20000,"2040"
"5161",-116.918893446208,34.4621718191985,40000,"2040"
"5194",-115.44571870322,34.2568403214839,20000,"2040"
"5195",-116.440648697204,34.8449949462717,140000,"2040"
"5199",-117.563291588792,34.3424727961093,500,"2040"
"5205",-117.703352050553,33.9709326478646,20000,"2040"
"5206",-117.695642494353,33.9286025685133,55000,"2040"
"5310",-117.471075966127,34.0564816055619,7280.98205789553,"2040"
"5317",-117.394377230289,34.182499704916,3000.000000001,"2040"
"5376",-117.317235072239,34.0322513505524,20000.000000002,"2040"
"5517",-117.166368413146,33.7191299192946,5000,"2040"
"5523",-117.405570245519,33.5757245908217,1500,"2040"
"5536",-117.204624542335,33.6170929137671,4316.53421550984,"2040"
"5581",-117.408608099531,33.7795143210514,15000,"2040"
"5591",-117.226493333489,33.9286981743004,20000,"2040"
"5600",-115.604774591728,33.2376659836729,395.653546253063,"2040"
"5601",-115.414596307799,32.9907854099583,37100.1698248701,"2040"
"5606",-115.494774721382,32.799969695994,20000,"2040"
"5614",-114.998545332192,33.0746190033165,20000,"2040"
"5615",-115.87060216784,33.1596630043049,320.061237671093,"2040"
"5617",-116.554430883838,33.7616414970688,20000,"2040"
"5624",-117.091200707386,33.9730684088259,20000,"2040"
"5636",-116.764300994005,33.6302219056992,48608.0516382693,"2040"
"5665",-116.152827890945,33.5265770951924,4999.999999999,"2040"
"5668",-115.582296891338,33.8812406589577,20000,"2040"
"5669",-114.653336374328,33.5361198240549,20000,"2040"
"5675",-116.338604792653,33.7955264133332,1500.000000001,"2040"
"5681",-114.738447232203,33.8118437542552,40000,"2040"
"5691",-116.183119225924,33.7220296481903,18618.4806652609,"2040"
"5693",-115.151865509688,33.7252445010949,20000,"2040"
"5786",-117.812476652612,33.9225923339992,20000,"2040"
"5805",-117.98977211796,33.7409210603358,19664.7708972621,"2040"
"5863",-118.023663164894,33.7650643084092,20000,"2040"
"5900",-117.783272033275,33.6034891603085,20000,"2040"
"6006",-117.690417212243,33.4728015660934,20000,"2040"
"6044",-117.533116995119,33.6605658293588,37962.4352756127,"2040"
"6099",-116.335421019885,33.5106594151111,20000,"2040"
"6100",-116.290432218708,33.1160252774371,500,"2040"
"6101",-116.438925962994,32.7034492318799,500,"2040"
"6102",-116.704173911736,33.2411454996252,20000.000000001,"2040"
"6136",-116.900866675007,32.7236685351833,20000,"2040"
"6223",-117.327636656384,33.12177980106,20000,"2040"
"6246",-117.414278764489,33.3616079951512,20000,"2040"
"6248",-117.241823094972,33.3924942008133,14368.4943986474,"2040"
"6253",-117.243003119089,33.2284182053371,20000,"2040"
"6264",-117.255227004675,33.1862084407157,1500,"2040"
"6354",-117.21568178374,32.8886930182561,20000.000000001,"2040"
"6390",-117.192303093249,33.0331613611319,15000,"2040"
"6518",-117.036648189057,32.7733154243274,25000,"2040"
"6561",-116.972416936302,32.7148468668414,19034.6335344644,"2040"
"6836",-115.92625092292,32.815208160556,3476.59742856508,"2040"
"6840",-117.186547471919,33.4704680364394,20000,"2040"
"109",-123.755197379477,41.1541477436378,15000,"2045"
"116",-124.056933434818,40.4424556590573,500,"2045"
"122",-120.592987698823,40.8639250224093,1382.65284041874,"2045"
"124",-120.504840028828,40.4358084426044,1500,"2045"
"130",-120.50537088862,41.5761323329595,654.11922679875,"2045"
"137",-122.658114303739,40.5520481349625,20000,"2045"
"150",-122.364343087107,40.6739851895282,13913.8965362734,"2045"
"152",-122.010535385645,40.5273529792685,20000,"2045"
"156",-122.359142806701,40.9950928788783,20000,"2045"
"157",-121.997793569239,40.8695228215215,20000,"2045"
"158",-121.513203795865,40.6729642834579,500,"2045"
"161",-122.041755606452,41.7974598413151,500,"2045"
"162",-122.475503414042,41.8891099632226,10525.6306931578,"2045"
"163",-123.335680907067,41.7447460048882,500,"2045"
"164",-123.020229747748,41.4013733776321,20000,"2045"
"166",-122.435598978743,41.4823758663718,20000,"2045"
"169",-121.813996666238,41.4130876781861,20000,"2045"
"170",-122.778672438376,40.9218877079846,1500,"2045"
"171",-123.26194366533,40.8849612994346,22.8298599212539,"2045"
"172",-123.242836035237,40.4876323079403,229.112507858756,"2045"
"202",-121.887221724693,39.8247115872936,7180.43952771304,"2045"
"219",-121.332130179713,39.6408160566063,7500,"2045"
"226",-121.777392301415,39.4185001197963,1500,"2045"
"227",-122.01186113245,39.0017575662403,500,"2045"
"228",-122.357841300107,39.2190973272834,500,"2045"
"235",-122.046855323628,39.6714882878186,992.454494549299,"2045"
"242",-122.516642598164,38.8210081514369,1500,"2045"
"244",-122.863790704433,39.2897206648043,954.518201736788,"2045"
"246",-123.214005860486,39.7678225150764,160.331424658541,"2045"
"247",-123.696780822889,39.7797722225828,132.652064233532,"2045"
"248",-123.638358068746,39.4549754829463,179.449311567765,"2045"
"251",-123.31842823481,39.358752302385,500,"2045"
"256",-123.528879752079,39.1619536853695,469.912039970936,"2045"
"257",-123.511530514922,38.9071458741385,98.5059722499984,"2045"
"258",-123.198119488288,38.9628393576288,500,"2045"
"262",-120.136303290594,39.3368468211803,20000,"2045"
"263",-120.535128119216,39.3930901986849,15540.6386283021,"2045"
"270",-121.169398640059,39.1003566471323,500,"2045"
"273",-121.003790813055,39.8816399405759,500,"2045"
"276",-121.235650122588,40.2722854949641,192.381190495774,"2045"
"277",-120.516014343013,39.580688669977,20000,"2045"
"278",-121.808539266908,40.1955332495693,2087.03956106454,"2045"
"280",-122.330292053655,40.2721818766048,1500,"2045"
"308",-121.621730964904,38.8940215276172,14938.0313344018,"2045"
"309",-121.800555761586,39.1532217658689,500,"2045"
"315",-121.616572170032,38.4331491696051,15726.193247195,"2045"
"331",-122.137491984328,38.7861425665166,750,"2045"
"345",-121.380663692875,39.146240543838,500,"2045"
"403",-120.976681168372,38.8534670700679,19624.1328802561,"2045"
"414",-120.324744326104,38.8305565323631,28.0912322669112,"2045"
"415",-119.999866817838,38.9305044054323,841.24897885,"2045"
"420",-120.733007600707,38.8929687729119,500.000000001,"2045"
"425",-120.526148108695,38.6028624578985,15000,"2045"
"434",-120.474697300892,39.2486513050169,20000,"2045"
"435",-121.094783583392,38.8649916774992,5260.42138657662,"2045"
"439",-121.23108578315,38.7830351865452,9904.33537297755,"2045"
"448",-120.575768406822,39.0866888148945,20000,"2045"
"455",-121.163075955931,38.9768740850356,15000,"2045"
"506",-121.467335110454,38.5876624894595,40000,"2045"
"622",-121.413995428114,38.6179694432197,20000,"2045"
"626",-121.392224611354,38.5849545217146,20000,"2045"
"705",-121.204614951795,38.6148400540031,9237.27361063885,"2045"
"715",-121.625620682018,38.1702973354452,20000,"2045"
"716",-121.41806275136,38.4538021226063,13696.6373837278,"2045"
"742",-121.278113561835,38.2908557249288,339.907982647589,"2045"
"803",-122.304669514121,38.626594073059,500,"2045"
"829",-121.800333120393,38.4226701653643,16775.360913775,"2045"
"858",-122.166125129309,38.2540563838418,16293.8780698283,"2045"
"872",-122.207032014355,38.092003525184,20000,"2045"
"877",-121.977703574752,38.1573677714284,20000,"2045"
"887",-123.218622980784,38.6322674554832,500,"2045"
"888",-122.822270828278,38.7299133905846,1500,"2045"
"895",-122.960106445359,38.518595563279,1158.25649936198,"2045"
"906",-122.7834662554,38.1630636588719,500,"2045"
"935",-122.497077312202,37.9559523409793,6789.13652637155,"2045"
"983",-122.54672852134,38.2190105926224,20000,"2045"
"1210",-122.414118649336,37.5345521215456,20000,"2045"
"1283",-122.299910594892,37.2903668424745,1000,"2045"
"1314",-121.819115151108,37.8322896653234,500,"2045"
"1316",-122.096588524929,38.0228382345393,7500,"2045"
"1319",-122.153272293955,38.0162324480831,1500,"2045"
"1365",-121.632263702073,37.8819063487158,20000,"2045"
"1385",-122.071750870194,37.9295947318383,14218.8961693541,"2045"
"1480",-122.308439123972,37.8015331211233,14219.8868478376,"2045"
"1610",-121.865077585008,37.6969335251868,20000,"2045"
"1612",-122.00782994373,37.5176063748267,20000,"2045"
"1672",-121.989909283744,37.6501706443344,19131.272743556,"2045"
"1791",-122.121528989265,37.3035978363274,1000,"2045"
"1796",-121.973765460631,37.4414115045493,20000,"2045"
"1850",-121.89986419762,37.3462081373769,14526.2630178335,"2045"
"1937",-121.692677183537,37.0552379554198,13183.0914104273,"2045"
"2000",-121.358456620109,37.9883123506742,20000,"2045"
"2003",-121.182289943771,37.9347984749818,20000,"2045"
"2019",-121.306721892897,37.9070416638204,20000,"2045"
"2029",-121.278398308251,37.9459038749416,20000,"2045"
"2038",-121.328328114421,37.9738096680246,40000,"2045"
"2040",-121.297800462437,37.9739103939583,20000,"2045"
"2114",-121.453225587472,37.6113436116689,20000.000000001,"2045"
"2119",-121.077666676359,38.1160988621884,20000,"2045"
"2122",-121.213775859586,37.9900358112449,15510.7446367219,"2045"
"2124",-120.961365190101,37.8169588351577,20000,"2045"
"2127",-121.114934764578,37.7551238096651,20000,"2045"
"2133",-121.458026689971,37.921840478373,40000,"2045"
"2208",-121.311387632705,37.4888211038607,15796.9426781532,"2045"
"2215",-120.88971210717,37.5082736556468,20000,"2045"
"2220",-120.834108232609,37.4858380735298,40000,"2045"
"2224",-120.609430876517,37.6492521727898,20000,"2045"
"2227",-120.830169988109,37.8866418267492,20000,"2045"
"2260",-120.967826263089,37.5699005300268,40000,"2045"
"2309",-120.445988531956,37.1930598075624,500,"2045"
"2310",-120.645877326591,37.1783649815002,40000,"2045"
"2311",-120.903713397097,37.205457186913,11251.3802418908,"2045"
"2313",-120.738775440195,37.0050153091889,20000,"2045"
"2323",-120.805122052661,37.3389480741047,20000,"2045"
"2324",-120.483074345704,37.4928411171191,20000,"2045"
"2332",-120.405574028824,37.2870727263053,9549.13118713125,"2045"
"2478",-119.782721748134,36.737094780275,18385.5195588962,"2045"
"2489",-119.74539568899,36.660414535898,1.6146066101727,"2045"
"2507",-119.022964865082,37.1720303365142,2881.45947718441,"2045"
"2509",-118.869473985197,36.8217556084848,1500,"2045"
"2510",-119.388786652929,36.8829725062583,1037.41798248718,"2045"
"2518",-119.682397429884,36.4759448890163,5000,"2045"
"2522",-120.137297453858,36.6326706605326,466.404539644523,"2045"
"2525",-120.385925960671,36.5510125078256,20000,"2045"
"2529",-120.636340775124,36.7886757915198,20000,"2045"
"2530",-120.103126519148,36.1678862984166,224.95128633513,"2045"
"2532",-120.159781329275,36.3251277422132,1317.82191919681,"2045"
"2543",-120.162984596194,37.1127531962959,68.4238088275,"2045"
"2545",-119.975120194572,36.8544343618095,7624.47288075679,"2045"
"2551",-120.252754820434,37.0149914965006,154.352692104488,"2045"
"2566",-119.884722021432,37.1674242425393,13966.128627282,"2045"
"2572",-119.554107522292,37.1487486693221,46.6666618125,"2045"
"2602",-119.738133265073,35.9479724131564,1500,"2045"
"2713",-118.499387088127,36.2642132788348,1500,"2045"
"2714",-119.033666397429,36.5578256025278,3000,"2045"
"2726",-119.138016301703,36.1682100392086,15000,"2045"
"2739",-119.392977656364,35.8903643796445,439.70658799617,"2045"
"2742",-119.45024563927,36.2076824365024,4956.70708905366,"2045"
"2772",-118.798331010016,35.943384808599,500,"2045"
"2795",-118.783357320161,34.9797010783239,11810.8087737028,"2045"
"2805",-118.909760837517,35.3671508529027,20000,"2045"
"2810",-119.098680270508,35.3050623333619,20000,"2045"
"2812",-119.007084277076,35.2887352151561,20000,"2045"
"2824",-118.931121736459,35.3272128069404,20000,"2045"
"2833",-118.873920429889,35.3693071519382,20000,"2045"
"2840",-119.034786206957,35.3608267865793,20000,"2045"
"2893",-119.038837256933,35.2624633626764,20000,"2045"
"2897",-118.796471969966,35.4162277276774,500,"2045"
"2900",-119.150401623275,34.9473229582053,500,"2045"
"2904",-117.880164893465,34.9084872032804,500,"2045"
"2912",-118.464084346732,34.980430673458,20000,"2045"
"2914",-119.767704460078,35.6479415948574,1000,"2045"
"2915",-118.841675595596,35.6576891087084,500,"2045"
"2923",-118.17727782098,35.5947531857608,500.000000001,"2045"
"2931",-117.935588992965,35.2508199420292,1500,"2045"
"2934",-117.780318334342,35.1804827993342,500,"2045"
"2935",-118.337814221164,35.2801940255313,20000,"2045"
"2947",-119.503039394754,35.2672331211903,500.000000002,"2045"
"2949",-119.195697139978,35.6433699474497,8239.76975663626,"2045"
"3000",-119.820603803423,38.597094081245,500,"2045"
"3003",-120.740899541059,38.4710094513858,1500,"2045"
"3004",-120.933979846297,38.4175792086332,1000,"2045"
"3008",-120.450844599841,38.3384954865487,500,"2045"
"3010",-120.710039587374,38.0219900587912,2992.06272318755,"2045"
"3012",-120.51626277962,38.1004744686828,2352.77344881883,"2045"
"3013",-117.328777996373,36.4460848855241,498.190328219952,"2045"
"3014",-118.286446877807,37.3172240688691,500,"2045"
"3018",-119.723391382274,37.6706679769965,500,"2045"
"3019",-120.183540016953,37.5952158760793,500,"2045"
"3020",-120.025456844301,37.3754860789222,746.03524386688,"2045"
"3021",-119.203393590944,38.1671371795063,500,"2045"
"3022",-118.519674002668,37.6917935398911,500,"2045"
"3029",-119.988986491895,38.2028029889458,772.695518694874,"2045"
"3030",-119.691848566942,37.9432606870394,197.946717289112,"2045"
"3034",-120.43422150028,37.7738081179365,500,"2045"
"3100",-120.969547222813,36.5275658678316,1500,"2045"
"3101",-121.522474911746,36.8328393148974,20000,"2045"
"3137",-121.94674849136,36.9911082165316,15000,"2045"
"3211",-121.451295679041,36.3477051989184,1381.67676016678,"2045"
"3213",-121.414572320493,36.5725946649201,500,"2045"
"3216",-121.785269373638,36.7095585154616,5000,"2045"
"3252",-120.910810052476,35.9605171998839,7162.39844344519,"2045"
"3301",-119.987896653595,35.2280107839926,7468.9420516303,"2045"
"3303",-120.885732604978,35.6912579933363,1000,"2045"
"3321",-120.495482839959,35.0306845813038,29.2244334201303,"2045"
"3324",-120.79052213703,35.3331866095589,462.892154459686,"2045"
"3362",-120.032558934441,34.703891202709,223.725308598414,"2045"
"3363",-120.272681241429,34.5336955197478,1000,"2045"
"3364",-120.020260668448,34.5540054410697,3000,"2045"
"3377",-120.338683662576,34.8740702351678,2569.38050513421,"2045"
"3385",-120.398762231821,34.9573496770783,1500,"2045"
"3400",-119.14444167002,34.6387778665453,20000,"2045"
"3410",-118.796347537522,34.421256824616,20000,"2045"
"3452",-119.021389590792,34.3069933463154,7251.18477525319,"2045"
"3501",-118.851725942679,34.1544580895014,5198.10865705167,"2045"
"3602",-117.863719280165,34.2984142808029,20000,"2045"
"3627",-117.973544177759,34.7492445733967,13764.9720505112,"2045"
"3628",-117.760267982291,34.6863091808921,1000,"2045"
"3631",-118.092580381512,34.5190782201153,17242.5845640743,"2045"
"3692",-118.295530885329,34.3610479384464,20000,"2045"
"3699",-118.635989122871,34.6336006686388,20000,"2045"
"3725",-118.575645706117,34.2868308272977,20000,"2045"
"3802",-118.63761975779,34.0552208090577,20000,"2045"
"3822",-118.530411156452,34.1647330588885,13607.0130039738,"2045"
"4023",-118.268323854909,34.088080550352,85686.0787270291,"2045"
"4280",-118.168119072013,33.9425532733297,40000,"2045"
"4547",-118.373885250537,33.9540321067406,13923.8924317902,"2045"
"4574",-118.393605346812,33.9198494905009,20000,"2045"
"4622",-118.23638607237,33.8346288189,20000,"2045"
"4641",-118.268065580432,33.7767661588376,40000,"2045"
"4649",-118.295065458135,33.7302892100951,4034.23138641314,"2045"
"4916",-117.938110012158,34.0621470608439,20000,"2045"
"5055",-117.759220651964,34.0827648185871,20000,"2045"
"5100",-116.986023235552,34.03702200191,20000,"2045"
"5101",-117.283558694141,35.3859426272637,20000,"2045"
"5110",-117.123059494058,34.9397787534851,140000,"2045"
"5111",-116.882461709058,34.9792277469684,20000,"2045"
"5112",-117.113520595191,34.830769641215,80000,"2045"
"5116",-117.169068427082,34.4839593652873,39839.0575974297,"2045"
"5138",-115.46865474482,34.9341607638801,20000,"2045"
"5139",-115.854705571636,35.3999329883185,20000,"2045"
"5140",-116.600165334143,35.4378697094107,40000,"2045"
"5142",-116.243848776799,34.0792339816679,16709.8883422806,"2045"
"5144",-116.597547636965,34.3658095836312,20000,"2045"
"5146",-115.873072280476,34.1547120022446,7592.30526239845,"2045"
"5148",-114.802781067676,34.5052103801359,20000,"2045"
"5150",-117.352246949163,34.2682102299393,20000,"2045"
"5157",-116.864603238637,34.1396883625477,20000,"2045"
"5158",-117.382061424215,34.8071658056363,20000,"2045"
"5160",-116.993017791236,34.6370083569501,20000,"2045"
"5161",-116.918893446208,34.4621718191985,40000,"2045"
"5194",-115.44571870322,34.2568403214839,20000,"2045"
"5195",-116.440648697204,34.8449949462717,280000,"2045"
"5199",-117.563291588792,34.3424727961093,500,"2045"
"5205",-117.703352050553,33.9709326478646,20000,"2045"
"5206",-117.695642494353,33.9286025685133,96534.3723829097,"2045"
"5310",-117.471075966127,34.0564816055619,15000,"2045"
"5317",-117.394377230289,34.182499704916,15000,"2045"
"5376",-117.317235072239,34.0322513505524,20000,"2045"
"5517",-117.166368413146,33.7191299192946,15000,"2045"
"5523",-117.405570245519,33.5757245908217,5960.43101615431,"2045"
"5536",-117.204624542335,33.6170929137671,7500,"2045"
"5574",-116.994496094995,33.8258820370429,11034.4306647888,"2045"
"5581",-117.408608099531,33.7795143210514,12516.6339194437,"2045"
"5591",-117.226493333489,33.9286981743004,20000,"2045"
"5593",-117.225643896822,33.9529886928617,20000,"2045"
"5600",-115.604774591728,33.2376659836729,545.477493990401,"2045"
"5601",-115.414596307799,32.9907854099583,40000,"2045"
"5605",-115.672654111959,32.7834660290222,20000,"2045"
"5606",-115.494774721382,32.799969695994,20000,"2045"
"5614",-114.998545332192,33.0746190033165,20000,"2045"
"5615",-115.87060216784,33.1596630043049,15000,"2045"
"5617",-116.554430883838,33.7616414970688,20000,"2045"
"5624",-117.091200707386,33.9730684088259,20000,"2045"
"5636",-116.764300994005,33.6302219056992,75765.4466333494,"2045"
"5665",-116.152827890945,33.5265770951924,5000,"2045"
"5668",-115.582296891338,33.8812406589577,60000,"2045"
"5669",-114.653336374328,33.5361198240549,20000,"2045"
"5670",-114.56033776347,33.661220341718,39719.2554988654,"2045"
"5675",-116.338604792653,33.7955264133332,16086.1082028917,"2045"
"5681",-114.738447232203,33.8118437542552,40000,"2045"
"5691",-116.183119225924,33.7220296481903,20000,"2045"
"5693",-115.151865509688,33.7252445010949,20000,"2045"
"5706",-117.887688190255,33.8074507054847,38109.3378852115,"2045"
"5786",-117.812476652612,33.9225923339992,20000,"2045"
"5805",-117.98977211796,33.7409210603358,20000,"2045"
"5863",-118.023663164894,33.7650643084092,40000,"2045"
"5900",-117.783272033275,33.6034891603085,40000,"2045"
"5901",-117.834686990394,33.5982373437984,20000,"2045"
"5921",-117.795151306527,33.7086307203003,14188.8435136849,"2045"
"6006",-117.690417212243,33.4728015660934,20000,"2045"
"6044",-117.533116995119,33.6605658293588,40000,"2045"
"6099",-116.335421019885,33.5106594151111,20000,"2045"
"6100",-116.290432218708,33.1160252774371,19753.7838481374,"2045"
"6101",-116.438925962994,32.7034492318799,500,"2045"
"6102",-116.704173911736,33.2411454996252,20000,"2045"
"6120",-117.096971394511,33.356934679093,20000,"2045"
"6133",-116.793658740018,32.6693964691174,20000,"2045"
"6136",-116.900866675007,32.7236685351833,1903.44773877234,"2045"
"6223",-117.327636656384,33.12177980106,20000,"2045"
"6246",-117.414278764489,33.3616079951512,10353.8210365253,"2045"
"6248",-117.241823094972,33.3924942008133,20000,"2045"
"6253",-117.243003119089,33.2284182053371,20000,"2045"
"6264",-117.255227004675,33.1862084407157,10000,"2045"
"6354",-117.21568178374,32.8886930182561,16299.6185862835,"2045"
"6390",-117.192303093249,33.0331613611319,12396.5435902818,"2045"
"6518",-117.036648189057,32.7733154243274,30000,"2045"
"6544",-116.921670005333,32.8299663963238,20000,"2045"
"6560",-116.94913455664,32.791292487331,12186.2469812313,"2045"
"6561",-116.972416936302,32.7148468668414,19317.2850359385,"2045"
"6669",-116.940827776601,32.5800172785958,20000,"2045"
"6826",-117.931211830935,33.7100649389646,14762.3903118636,"2045"
"6836",-115.92625092292,32.815208160556,18275.4001251117,"2045"
"6840",-117.186547471919,33.4704680364394,20000,"2045"
"109",-123.755197379477,41.1541477436378,11547.7489587175,"2050"
"122",-120.592987698823,40.8639250224093,55.94271317625,"2050"
"124",-120.504840028828,40.4358084426044,1500,"2050"
"129",-121.098611154994,41.596157910438,14502.5410809052,"2050"
"130",-120.50537088862,41.5761323329595,448.9336386975,"2050"
"137",-122.658114303739,40.5520481349625,20000,"2050"
"150",-122.364343087107,40.6739851895282,20000,"2050"
"152",-122.010535385645,40.5273529792685,20000,"2050"
"156",-122.359142806701,40.9950928788783,20000,"2050"
"157",-121.997793569239,40.8695228215215,20000,"2050"
"158",-121.513203795865,40.6729642834579,306.21279827542,"2050"
"161",-122.041755606452,41.7974598413151,154.919266671934,"2050"
"162",-122.475503414042,41.8891099632226,1910.94210220238,"2050"
"163",-123.335680907067,41.7447460048882,118.288907003041,"2050"
"164",-123.020229747748,41.4013733776321,20000,"2050"
"165",-122.660847864496,41.6771512472774,13873.4029042332,"2050"
"166",-122.435598978743,41.4823758663718,20000.000000001,"2050"
"168",-122.327184433291,41.226156016758,40000,"2050"
"169",-121.813996666238,41.4130876781861,20000,"2050"
"170",-122.778672438376,40.9218877079846,1419.03049600847,"2050"
"171",-123.26194366533,40.8849612994346,31.4289078882144,"2050"
"172",-123.242836035237,40.4876323079403,334.606015458609,"2050"
"202",-121.887221724693,39.8247115872936,2050.27234174048,"2050"
"219",-121.332130179713,39.6408160566063,6963.17671279931,"2050"
"226",-121.777392301415,39.4185001197963,11186.5105324717,"2050"
"227",-122.01186113245,39.0017575662403,500,"2050"
"228",-122.357841300107,39.2190973272834,500,"2050"
"235",-122.046855323628,39.6714882878186,1615.96671231482,"2050"
"242",-122.516642598164,38.8210081514369,1500,"2050"
"244",-122.863790704433,39.2897206648043,1000,"2050"
"246",-123.214005860486,39.7678225150764,198.836942708609,"2050"
"247",-123.696780822889,39.7797722225828,163.691426162739,"2050"
"248",-123.638358068746,39.4549754829463,222.196159471453,"2050"
"251",-123.31842823481,39.358752302385,750,"2050"
"256",-123.528879752079,39.1619536853695,500,"2050"
"257",-123.511530514922,38.9071458741385,123.318210350596,"2050"
"258",-123.198119488288,38.9628393576288,500,"2050"
"262",-120.136303290594,39.3368468211803,17477.8092198824,"2050"
"263",-120.535128119216,39.3930901986849,20000,"2050"
"270",-121.169398640059,39.1003566471323,20000,"2050"
"273",-121.003790813055,39.8816399405759,4960.13191037713,"2050"
"276",-121.235650122588,40.2722854949641,242.94494451314,"2050"
"277",-120.516014343013,39.580688669977,20000,"2050"
"278",-121.808539266908,40.1955332495693,2739.15514440431,"2050"
"280",-122.330292053655,40.2721818766048,1500,"2050"
"308",-121.621730964904,38.8940215276172,11678.698206201,"2050"
"309",-121.800555761586,39.1532217658689,3166.71454839576,"2050"
"310",-121.516907688179,38.5922201107252,28255.5572703724,"2050"
"315",-121.616572170032,38.4331491696051,20000,"2050"
"331",-122.137491984328,38.7861425665166,750,"2050"
"345",-121.380663692875,39.146240543838,202.547085437195,"2050"
"403",-120.976681168372,38.8534670700679,20000,"2050"
"414",-120.324744326104,38.8305565323631,500,"2050"
"415",-119.999866817838,38.9305044054323,4948.21097688016,"2050"
"420",-120.733007600707,38.8929687729119,173.70847856968,"2050"
"425",-120.526148108695,38.6028624578985,15000,"2050"
"434",-120.474697300892,39.2486513050169,20000,"2050"
"435",-121.094783583392,38.8649916774992,20000,"2050"
"439",-121.23108578315,38.7830351865452,15000,"2050"
"448",-120.575768406822,39.0866888148945,20000,"2050"
"455",-121.163075955931,38.9768740850356,9818.26525873443,"2050"
"506",-121.467335110454,38.5876624894595,40000,"2050"
"622",-121.413995428114,38.6179694432197,20000,"2050"
"626",-121.392224611354,38.5849545217146,20000,"2050"
"705",-121.204614951795,38.6148400540031,12419.162172179,"2050"
"715",-121.625620682018,38.1702973354452,6995.91831168724,"2050"
"716",-121.41806275136,38.4538021226063,12030.5849463046,"2050"
"742",-121.278113561835,38.2908557249288,7082.38147002053,"2050"
"803",-122.304669514121,38.626594073059,500,"2050"
"813",-122.268736244951,38.2883376414479,20000,"2050"
"817",-122.219651723292,38.3989157785147,15735.6972191999,"2050"
"829",-121.800333120393,38.4226701653643,20000,"2050"
"836",-122.032713177176,38.4381521482042,1346.98674932017,"2050"
"858",-122.166125129309,38.2540563838418,20000,"2050"
"859",-122.144190427536,38.1648816616828,17759.1018312893,"2050"
"872",-122.207032014355,38.092003525184,20000,"2050"
"877",-121.977703574752,38.1573677714284,20000,"2050"
"887",-123.218622980784,38.6322674554832,399.149027906434,"2050"
"888",-122.822270828278,38.7299133905846,1017.17261156815,"2050"
"895",-122.960106445359,38.518595563279,1500,"2050"
"906",-122.7834662554,38.1630636588719,488.043065239048,"2050"
"935",-122.497077312202,37.9559523409793,6554.21227268129,"2050"
"947",-122.831750577669,38.5274718887795,6350.94168529966,"2050"
"983",-122.54672852134,38.2190105926224,17400.1692962207,"2050"
"1210",-122.414118649336,37.5345521215456,20000,"2050"
"1283",-122.299910594892,37.2903668424745,20000,"2050"
"1314",-121.819115151108,37.8322896653234,20000,"2050"
"1319",-122.153272293955,38.0162324480831,1500,"2050"
"1365",-121.632263702073,37.8819063487158,20000,"2050"
"1385",-122.071750870194,37.9295947318383,15000,"2050"
"1480",-122.308439123972,37.8015331211233,20000,"2050"
"1610",-121.865077585008,37.6969335251868,20000,"2050"
"1612",-122.00782994373,37.5176063748267,20000,"2050"
"1672",-121.989909283744,37.6501706443344,20000,"2050"
"1791",-122.121528989265,37.3035978363274,20000,"2050"
"1796",-121.973765460631,37.4414115045493,13850.7147142041,"2050"
"1850",-121.89986419762,37.3462081373769,20000,"2050"
"1937",-121.692677183537,37.0552379554198,20000,"2050"
"1944",-121.515854373978,37.2357884174404,500,"2050"
"2000",-121.358456620109,37.9883123506742,40000,"2050"
"2003",-121.182289943771,37.9347984749818,10793.8963758757,"2050"
"2019",-121.306721892897,37.9070416638204,20000,"2050"
"2029",-121.278398308251,37.9459038749416,20000,"2050"
"2038",-121.328328114421,37.9738096680246,40000,"2050"
"2040",-121.297800462437,37.9739103939583,20000,"2050"
"2114",-121.453225587472,37.6113436116689,20000,"2050"
"2119",-121.077666676359,38.1160988621884,20000,"2050"
"2122",-121.213775859586,37.9900358112449,20000,"2050"
"2124",-120.961365190101,37.8169588351577,20000,"2050"
"2127",-121.114934764578,37.7551238096651,20000,"2050"
"2133",-121.458026689971,37.921840478373,40000,"2050"
"2208",-121.311387632705,37.4888211038607,20000,"2050"
"2215",-120.88971210717,37.5082736556468,20000,"2050"
"2220",-120.834108232609,37.4858380735298,40000,"2050"
"2224",-120.609430876517,37.6492521727898,20000,"2050"
"2227",-120.830169988109,37.8866418267492,20000,"2050"
"2260",-120.967826263089,37.5699005300268,80000,"2050"
"2310",-120.645877326591,37.1783649815002,40000,"2050"
"2311",-120.903713397097,37.205457186913,20000,"2050"
"2313",-120.738775440195,37.0050153091889,20000,"2050"
"2315",-120.798423478779,37.0776238566994,11950.7044976917,"2050"
"2318",-120.713920673532,37.4595942188668,20000,"2050"
"2322",-120.733115286958,37.3797851270264,60000,"2050"
"2323",-120.805122052661,37.3389480741047,20000,"2050"
"2324",-120.483074345704,37.4928411171191,20000,"2050"
"2332",-120.405574028824,37.2870727263053,9782.40269131182,"2050"
"2478",-119.782721748134,36.737094780275,13513.5154015521,"2050"
"2489",-119.74539568899,36.660414535898,419.205533011063,"2050"
"2507",-119.022964865082,37.1720303365142,3000,"2050"
"2509",-118.869473985197,36.8217556084848,9834.40667326066,"2050"
"2510",-119.388786652929,36.8829725062583,956.118531159804,"2050"
"2518",-119.682397429884,36.4759448890163,3786.17996881291,"2050"
"2520",-119.780426196987,36.5478295507938,6884.18187848754,"2050"
"2522",-120.137297453858,36.6326706605326,414.558688958237,"2050"
"2525",-120.385925960671,36.5510125078256,20000,"2050"
"2529",-120.636340775124,36.7886757915198,20000,"2050"
"2530",-120.103126519148,36.1678862984166,500,"2050"
"2532",-120.159781329275,36.3251277422132,1500.000000001,"2050"
"2543",-120.162984596194,37.1127531962959,1000,"2050"
"2545",-119.975120194572,36.8544343618095,15000,"2050"
"2551",-120.252754820434,37.0149914965006,750,"2050"
"2566",-119.884722021432,37.1674242425393,15000,"2050"
"2572",-119.554107522292,37.1487486693221,63.1024481125,"2050"
"2602",-119.738133265073,35.9479724131564,1500,"2050"
"2713",-118.499387088127,36.2642132788348,1500.000000001,"2050"
"2714",-119.033666397429,36.5578256025278,2099.61159537542,"2050"
"2726",-119.138016301703,36.1682100392086,7749.24724592096,"2050"
"2736",-119.077079181305,36.0304698733584,13766.3338742126,"2050"
"2739",-119.392977656364,35.8903643796445,376.578500026886,"2050"
"2742",-119.45024563927,36.2076824365024,6995.51151320008,"2050"
"2772",-118.798331010016,35.943384808599,323.68015194927,"2050"
"2795",-118.783357320161,34.9797010783239,40000,"2050"
"2805",-118.909760837517,35.3671508529027,20000,"2050"
"2810",-119.098680270508,35.3050623333619,16996.4877228118,"2050"
"2812",-119.007084277076,35.2887352151561,20000,"2050"
"2824",-118.931121736459,35.3272128069404,20000,"2050"
"2833",-118.873920429889,35.3693071519382,20000,"2050"
"2840",-119.034786206957,35.3608267865793,20000,"2050"
"2893",-119.038837256933,35.2624633626764,20000,"2050"
"2894",-118.918039045031,35.4207694892322,20000,"2050"
"2900",-119.150401623275,34.9473229582053,20000,"2050"
"2904",-117.880164893465,34.9084872032804,304.601302051526,"2050"
"2912",-118.464084346732,34.980430673458,20000,"2050"
"2914",-119.767704460078,35.6479415948574,6186.43193749004,"2050"
"2915",-118.841675595596,35.6576891087084,500,"2050"
"2918",-118.684352453533,35.4404061923745,20000,"2050"
"2923",-118.17727782098,35.5947531857608,307.571459892053,"2050"
"2931",-117.935588992965,35.2508199420292,1388.35311227275,"2050"
"2934",-117.780318334342,35.1804827993342,500,"2050"
"2935",-118.337814221164,35.2801940255313,12138.8949848159,"2050"
"2947",-119.503039394754,35.2672331211903,500,"2050"
"2949",-119.195697139978,35.6433699474497,7085.54967412871,"2050"
"3000",-119.820603803423,38.597094081245,500,"2050"
"3003",-120.740899541059,38.4710094513858,1415.89468019516,"2050"
"3004",-120.933979846297,38.4175792086332,597.360621467559,"2050"
"3008",-120.450844599841,38.3384954865487,500,"2050"
"3010",-120.710039587374,38.0219900587912,2503.76462452157,"2050"
"3012",-120.51626277962,38.1004744686828,2928.01595557523,"2050"
"3013",-117.328777996373,36.4460848855241,1500,"2050"
"3014",-118.286446877807,37.3172240688691,475.035390106205,"2050"
"3018",-119.723391382274,37.6706679769965,500,"2050"
"3019",-120.183540016953,37.5952158760793,500,"2050"
"3020",-120.025456844301,37.3754860789222,5000,"2050"
"3021",-119.203393590944,38.1671371795063,500,"2050"
"3022",-118.519674002668,37.6917935398911,500,"2050"
"3029",-119.988986491895,38.2028029889458,1000,"2050"
"3030",-119.691848566942,37.9432606870394,500,"2050"
"3034",-120.43422150028,37.7738081179365,500,"2050"
"3100",-120.969547222813,36.5275658678316,1500,"2050"
"3101",-121.522474911746,36.8328393148974,7294.32301652494,"2050"
"3137",-121.94674849136,36.9911082165316,20000,"2050"
"3211",-121.451295679041,36.3477051989184,1500,"2050"
"3213",-121.414572320493,36.5725946649201,1500,"2050"
"3216",-121.785269373638,36.7095585154616,4136.94528693334,"2050"
"3246",-121.634630585871,36.6456280227949,10000,"2050"
"3252",-120.910810052476,35.9605171998839,6812.2808633579,"2050"
"3300",-121.052066194573,35.6013853853232,1167.06186955327,"2050"
"3301",-119.987896653595,35.2280107839926,2842.50680738703,"2050"
"3303",-120.885732604978,35.6912579933363,1000,"2050"
"3321",-120.495482839959,35.0306845813038,1500,"2050"
"3324",-120.79052213703,35.3331866095589,7177.72749040892,"2050"
"3362",-120.032558934441,34.703891202709,500,"2050"
"3363",-120.272681241429,34.5336955197478,1000,"2050"
"3364",-120.020260668448,34.5540054410697,3000,"2050"
"3377",-120.338683662576,34.8740702351678,3000,"2050"
"3385",-120.398762231821,34.9573496770783,1500,"2050"
"3400",-119.14444167002,34.6387778665453,20000,"2050"
"3410",-118.796347537522,34.421256824616,20000,"2050"
"3452",-119.021389590792,34.3069933463154,15000,"2050"
"3501",-118.851725942679,34.1544580895014,10790.0039034287,"2050"
"3602",-117.863719280165,34.2984142808029,20000,"2050"
"3627",-117.973544177759,34.7492445733967,15000,"2050"
"3628",-117.760267982291,34.6863091808921,1500,"2050"
"3631",-118.092580381512,34.5190782201153,11456.888584697,"2050"
"3692",-118.295530885329,34.3610479384464,20000,"2050"
"3699",-118.635989122871,34.6336006686388,20000,"2050"
"3725",-118.575645706117,34.2868308272977,20000,"2050"
"3802",-118.63761975779,34.0552208090577,20000,"2050"
"3822",-118.530411156452,34.1647330588885,20000,"2050"
"3921",-118.292835501484,34.1683314941176,3764.12785418208,"2050"
"4023",-118.268323854909,34.088080550352,100000,"2050"
"4280",-118.168119072013,33.9425532733297,40000,"2050"
"4547",-118.373885250537,33.9540321067406,29190.997492535,"2050"
"4574",-118.393605346812,33.9198494905009,20000,"2050"
"4577",-118.390960893662,33.9527508921042,18505.8384391671,"2050"
"4609",-118.288260188485,33.768191672991,16050.5107488473,"2050"
"4622",-118.23638607237,33.8346288189,16845.8610179619,"2050"
"4641",-118.268065580432,33.7767661588376,40000,"2050"
"4649",-118.295065458135,33.7302892100951,20000,"2050"
"4899",-118.03438792448,34.0078530295181,11947.1878197969,"2050"
"4916",-117.938110012158,34.0621470608439,10517.470066508,"2050"
"4993",-118.084661260309,34.1749350692669,20000,"2050"
"5055",-117.759220651964,34.0827648185871,18718.2455585142,"2050"
"5100",-116.986023235552,34.03702200191,20000,"2050"
"5101",-117.283558694141,35.3859426272637,20000,"2050"
"5110",-117.123059494058,34.9397787534851,220000,"2050"
"5111",-116.882461709058,34.9792277469684,19784.7320923987,"2050"
"5112",-117.113520595191,34.830769641215,80000,"2050"
"5116",-117.169068427082,34.4839593652873,40000,"2050"
"5131",-117.271227659402,34.4552838598467,20000,"2050"
"5138",-115.46865474482,34.9341607638801,120000,"2050"
"5139",-115.854705571636,35.3999329883185,34990.0577014728,"2050"
"5140",-116.600165334143,35.4378697094107,40000,"2050"
"5141",-116.137891741266,34.4587286968299,20000,"2050"
"5142",-116.243848776799,34.0792339816679,20000,"2050"
"5144",-116.597547636965,34.3658095836312,14312.6686027931,"2050"
"5146",-115.873072280476,34.1547120022446,20000,"2050"
"5148",-114.802781067676,34.5052103801359,20000,"2050"
"5150",-117.352246949163,34.2682102299393,20000,"2050"
"5157",-116.864603238637,34.1396883625477,20000,"2050"
"5158",-117.382061424215,34.8071658056363,20000,"2050"
"5160",-116.993017791236,34.6370083569501,20000,"2050"
"5161",-116.918893446208,34.4621718191985,40000,"2050"
"5182",-116.050943332034,34.1283481998986,8309.25425845186,"2050"
"5194",-115.44571870322,34.2568403214839,20000,"2050"
"5195",-116.440648697204,34.8449949462717,300000,"2050"
"5199",-117.563291588792,34.3424727961093,500,"2050"
"5202",-117.774760343578,33.977520735815,15835.9057325316,"2050"
"5205",-117.703352050553,33.9709326478646,20000,"2050"
"5206",-117.695642494353,33.9286025685133,100000,"2050"
"5310",-117.471075966127,34.0564816055619,37399.1153709656,"2050"
"5317",-117.394377230289,34.182499704916,12289.3150980053,"2050"
"5376",-117.317235072239,34.0322513505524,20000,"2050"
"5418",-117.403877017407,33.9082743361767,18527.1331960462,"2050"
"5439",-117.604868782171,33.9287256256035,20000,"2050"
"5517",-117.166368413146,33.7191299192946,15930.3844892887,"2050"
"5523",-117.405570245519,33.5757245908217,17530.0089926088,"2050"
"5536",-117.204624542335,33.6170929137671,20000,"2050"
"5545",-117.134983565929,33.6215594427194,10146.0144188721,"2050"
"5548",-116.694450533459,33.7946742767137,20000,"2050"
"5574",-116.994496094995,33.8258820370429,6659.3009528482,"2050"
"5581",-117.408608099531,33.7795143210514,20000,"2050"
"5591",-117.226493333489,33.9286981743004,3367.54469892389,"2050"
"5593",-117.225643896822,33.9529886928617,20000,"2050"
"5600",-115.604774591728,33.2376659836729,2080.40148782264,"2050"
"5601",-115.414596307799,32.9907854099583,40000,"2050"
"5604",-115.360597357956,32.8215996816036,18438.3163626693,"2050"
"5605",-115.672654111959,32.7834660290222,15901.7937955026,"2050"
"5606",-115.494774721382,32.799969695994,9558.03530170075,"2050"
"5613",-115.481467007247,32.7074088860617,20000,"2050"
"5614",-114.998545332192,33.0746190033165,20000,"2050"
"5615",-115.87060216784,33.1596630043049,11230.5557750038,"2050"
"5616",-115.55557898055,32.867767084839,20000,"2050"
"5617",-116.554430883838,33.7616414970688,20000,"2050"
"5624",-117.091200707386,33.9730684088259,20000,"2050"
"5625",-117.032558465186,33.909165717193,5831.12005695305,"2050"
"5634",-116.928800870507,33.936874692539,20000,"2050"
"5636",-116.764300994005,33.6302219056992,113271.915593293,"2050"
"5652",-116.25069731644,33.6969361468018,20000,"2050"
"5665",-116.152827890945,33.5265770951924,5000,"2050"
"5668",-115.582296891338,33.8812406589577,80000,"2050"
"5669",-114.653336374328,33.5361198240549,20000,"2050"
"5670",-114.56033776347,33.661220341718,40000,"2050"
"5675",-116.338604792653,33.7955264133332,10334.9047461038,"2050"
"5680",-115.903636499254,33.7283287638992,34824.3858598692,"2050"
"5681",-114.738447232203,33.8118437542552,40000,"2050"
"5691",-116.183119225924,33.7220296481903,12168.6902379413,"2050"
"5693",-115.151865509688,33.7252445010949,20000,"2050"
"5706",-117.887688190255,33.8074507054847,39441.0779324817,"2050"
"5786",-117.812476652612,33.9225923339992,16975.5341914244,"2050"
"5805",-117.98977211796,33.7409210603358,18032.9356504226,"2050"
"5863",-118.023663164894,33.7650643084092,40000,"2050"
"5900",-117.783272033275,33.6034891603085,40000,"2050"
"5901",-117.834686990394,33.5982373437984,20000,"2050"
"5921",-117.795151306527,33.7086307203003,18068.3115060378,"2050"
"6006",-117.690417212243,33.4728015660934,20000,"2050"
"6007",-117.711414043349,33.4750277829549,20000,"2050"
"6036",-117.726409943263,33.5734073817421,20000,"2050"
"6044",-117.533116995119,33.6605658293588,40000,"2050"
"6099",-116.335421019885,33.5106594151111,20000,"2050"
"6100",-116.290432218708,33.1160252774371,19782.3759902202,"2050"
"6101",-116.438925962994,32.7034492318799,602.200782790687,"2050"
"6102",-116.704173911736,33.2411454996252,20000,"2050"
"6103",-116.61276263855,32.9282298791602,14512.6036591901,"2050"
"6112",-116.926209401285,33.05026187009,17932.7300999851,"2050"
"6120",-117.096971394511,33.356934679093,20000,"2050"
"6133",-116.793658740018,32.6693964691174,17850.8008423348,"2050"
"6136",-116.900866675007,32.7236685351833,20000,"2050"
"6223",-117.327636656384,33.12177980106,13285.8361985875,"2050"
"6246",-117.414278764489,33.3616079951512,10391.362689201,"2050"
"6248",-117.241823094972,33.3924942008133,20000,"2050"
"6253",-117.243003119089,33.2284182053371,20000,"2050"
"6264",-117.255227004675,33.1862084407157,20000,"2050"
"6354",-117.21568178374,32.8886930182561,16071.6821076945,"2050"
"6390",-117.192303093249,33.0331613611319,11353.9010192817,"2050"
"6518",-117.036648189057,32.7733154243274,30000,"2050"
"6544",-116.921670005333,32.8299663963238,20000,"2050"
"6560",-116.94913455664,32.791292487331,9762.51997608875,"2050"
"6561",-116.972416936302,32.7148468668414,20000,"2050"
"6669",-116.940827776601,32.5800172785958,20000,"2050"
"6817",-117.852501438905,33.8609358732928,20000,"2050"
"6826",-117.931211830935,33.7100649389646,20000,"2050"
"6836",-115.92625092292,32.815208160556,20000,"2050"
"6840",-117.186547471919,33.4704680364394,20000,"2050"
